,HRUGroup:,HBVEC,HYPR,StMary,Milk,Glaciers,Babb,Havre,Malta,RockyBoy,FlatTop,ManyGlacier,band600,band800,band1000,band1200,band1400,band1600,band1800,band2000,band2200,band2400,band2600,
time,month,mean,mean,mean,mean,mean,mean,mean,mean,mean,mean,mean,mean,mean,mean,mean,mean,mean,mean,mean,mean,mean,mean,
31,1981-10,0.0218092,0.006862,0.134369,0.000142463,0,0,0,0,0,0,0,0,0,0,0.0917227,0.0825616,0,0,0,0,0,0,
61,1981-11,0.0613355,0.0225037,0.424546,0.000527552,0,0,0,0,0,0,0,0,0,0,0.301617,0.226767,0,0,0,0,0,0,
92,1981-12,0.125423,0.0472444,0.891133,0.000799813,0,0,0,0,0,0,0,0,0,0,0.629059,0.475639,0,0,0,0,0,0,
123,1982-01,0.196156,0.0726899,1.36807,0.00172589,0,0,0,0,0,0,0,0,0,0,0.974556,0.723563,0,0,0,0,0,0,
151,1982-02,0.287308,0.111225,2.07991,0.00227622,0,0,0,0,0,0,0,0,0,0,1.48627,1.07056,0,0,0,0,0,0,
182,1982-03,0.421736,0.159266,2.9707,0.00472556,0,0,0,0,0,0,0,0,0,0,2.14803,1.51227,0,0,0,0,0,0,
212,1982-04,0.48974,0.200189,3.64931,0.0075115,0,0,0,0,0,0,0,0,0,0,2.7212,1.66958,0,0,0,0,0,0,
243,1982-05,0.364525,0.219208,3.79686,0.00461256,0,0,0,0,0,0,0,0,0,0,2.93093,1.28454,0,0,0,0,0,0,
273,1982-06,0.28607,0.243862,4.07604,0.00321517,0,0,0,0,0,0,0,0,0,0,3.23469,1.02538,0,0,0,0,0,0,
304,1982-07,0.194624,0.275862,4.45181,0.00153242,0,0,0,0,0,0,0,0,0,0,3.63072,0.725609,0,0,0,0,0,0,
335,1982-08,0.0422037,0.284518,4.37517,0.000320327,0,0,0,0,0,0,0,0,0,0,3.72762,0.157858,0,0,0,0,0,0,
365,1982-09,0.0342107,0.298531,4.57162,0.00059397,0,0,0,0,0,0,0,0,0,0,3.9147,0.113667,0,0,0,0,0,0,
396,1982-10,0.108197,0.32155,4.99356,0.00298953,0,0,0,0,0,0,0,0,0,0,4.24828,0.311986,0,0,0,0,0,0,
426,1982-11,0.150817,0.342512,5.38631,0.00227435,0,0,0,0,0,0,0,0,0,0,4.51294,0.515813,0,0,0,0,0,0,
457,1982-12,0.221455,0.369597,5.90025,0.002418,0,0,0,0,0,0,0,0,0,0,4.86933,0.796811,0,0,0,0,0,0,
488,1983-01,0.287471,0.401663,6.47351,0.00315899,0,0,0,0,0,0,0,0,0,0,5.29895,1.03348,0,0,0,0,0,0,
516,1983-02,0.251106,0.417367,6.66939,0.0024098,0,0,0,0,0,0,0,0,0,0,5.49435,0.917691,0,0,0,0,0,0,
547,1983-03,0.245511,0.43622,6.9463,0.00246378,0,0,0,0,0,0,0,0,0,0,5.7418,0.892639,0,0,0,0,0,0,
577,1983-04,0.232766,0.463083,7.3501,0.00149667,0,0,0,0,0,0,0,0,0,0,6.08027,0.882182,0,0,0,0,0,0,
608,1983-05,0.209152,0.487654,7.69849,0.000812369,0,0,0,0,0,0,0,0,0,0,6.39256,0.815453,0,0,0,0,0,0,
638,1983-06,0.143385,0.51457,8.01986,0.000118527,0,0,0,0,0,0,0,0,0,0,6.73542,0.577781,0,0,0,0,0,0,
669,1983-07,0.164531,0.552042,8.58278,0.00249168,0,0,0,0,0,0,0,0,0,0,7.25785,0.562266,0,0,0,0,0,0,
700,1983-08,0.0411187,0.567965,8.67709,0.00016438,0,0,0,0,0,0,0,0,0,0,7.43479,0.160116,0,0,0,0,0,0,
730,1983-09,0.0403903,0.580797,8.87018,0.000199607,0,0,0,0,0,0,0,0,0,0,7.60319,0.155649,0,0,0,0,0,0,
761,1983-10,0.0611707,0.599221,9.18371,6.78282e-06,0,0,0,0,0,0,0,0,0,0,7.84169,0.248365,0,0,0,0,0,0,
791,1983-11,0.0758543,0.612705,9.40722,0.000195186,0,0,0,0,0,0,0,0,0,0,8.02068,0.299997,0,0,0,0,0,0,
822,1983-12,0.169544,0.635119,9.85446,0.00226346,0,0,0,0,0,0,0,0,0,0,8.34194,0.592402,0,0,0,0,0,0,
853,1984-01,0.194015,0.647761,10.0699,0.00307976,0,0,0,0,0,0,0,0,0,0,8.51841,0.65697,0,0,0,0,0,0,
882,1984-02,0.186074,0.659485,10.2365,0.00304787,0,0,0,0,0,0,0,0,0,0,8.6714,0.626055,0,0,0,0,0,0,
913,1984-03,0.193273,0.6753,10.4867,0.00307949,0,0,0,0,0,0,0,0,0,0,8.87878,0.653966,0,0,0,0,0,0,
943,1984-04,0.196959,0.697961,10.8539,0.00194186,0,0,0,0,0,0,0,0,0,0,9.15997,0.717593,0,0,0,0,0,0,
974,1984-05,0.261594,0.741803,11.6248,0.00134537,0,0,0,0,0,0,0,0,0,0,9.72564,1.00584,0,0,0,0,0,0,
1004,1984-06,0.211353,0.77011,11.9828,0.00113026,0,0,0,0,0,0,0,0,0,0,10.0932,0.810807,0,0,0,0,0,0,
1035,1984-07,0.0721251,0.785682,12.0282,8.57724e-05,0,0,0,0,0,0,0,0,0,0,10.2828,0.289516,0,0,0,0,0,0,
1066,1984-08,0.0232562,0.804668,12.2435,8.7258e-05,0,0,0,0,0,0,0,0,0,0,10.5313,0.090804,0,0,0,0,0,0,
1096,1984-09,0.0914167,0.829919,12.6861,0.00277275,0,0,0,0,0,0,0,0,0,0,10.898,0.253043,0,0,0,0,0,0,
1127,1984-10,0.186209,0.86199,13.2954,0.00395181,0,0,0,0,0,0,0,0,0,0,11.3337,0.587953,0,0,0,0,0,0,
1157,1984-11,0.338125,0.911299,14.2477,0.00536753,0,0,0,0,0,0,0,0,0,0,11.998,1.14495,0,0,0,0,0,0,
1188,1984-12,0.305605,0.926952,14.4558,0.00415537,0,0,0,0,0,0,0,0,0,0,12.1865,1.06459,0,0,0,0,0,0,
1219,1985-01,0.314309,0.951369,14.8405,0.00407761,0,0,0,0,0,0,0,0,0,0,12.505,1.10329,0,0,0,0,0,0,
1247,1985-02,0.295172,0.963911,14.9976,0.00437873,0,0,0,0,0,0,0,0,0,0,12.6732,1.01263,0,0,0,0,0,0,
1278,1985-03,0.30746,0.987496,15.3757,0.0042539,0,0,0,0,0,0,0,0,0,0,12.9801,1.06791,0,0,0,0,0,0,
1308,1985-04,0.256375,1.00657,15.603,0.00336244,0,0,0,0,0,0,0,0,0,0,13.2177,0.898372,0,0,0,0,0,0,
1339,1985-05,0.177474,1.02486,15.7934,0.00142859,0,0,0,0,0,0,0,0,0,0,13.4309,0.660334,0,0,0,0,0,0,
1369,1985-06,0.211156,1.07243,16.5658,0.00140452,0,0,0,0,0,0,0,0,0,0,14.0531,0.798282,0,0,0,0,0,0,
1400,1985-07,0.0645671,1.08769,16.6005,3.42776e-05,0,0,0,0,0,0,0,0,0,0,14.2343,0.260995,0,0,0,0,0,0,
1431,1985-08,0.150384,1.12532,17.261,0.00247599,0,0,0,0,0,0,0,0,0,0,14.7597,0.505432,0,0,0,0,0,0,
1461,1985-09,0.421124,1.1913,18.5487,0.00992256,0,0,0,0,0,0,0,0,0,0,15.7237,1.28756,0,0,0,0,0,0,
1492,1985-10,0.642403,1.26251,19.9017,0.0135724,0,0,0,0,0,0,0,0,0,0,16.705,2.03099,0,0,0,0,0,0,
1522,1985-11,0.618054,1.29969,20.4604,0.0116052,0,0,0,0,0,0,0,0,0,0,17.1649,2.01612,0,0,0,0,0,0,
1553,1985-12,0.534913,1.31467,20.5873,0.0101104,0,0,0,0,0,0,0,0,0,0,17.3408,1.74208,0,0,0,0,0,0,
1584,1986-01,0.42287,1.32475,20.6148,0.0074692,0,0,0,0,0,0,0,0,0,0,17.437,1.39957,0,0,0,0,0,0,
1612,1986-02,0.4537,1.35571,21.1321,0.00736548,0,0,0,0,0,0,0,0,0,0,17.8408,1.52932,0,0,0,0,0,0,
1643,1986-03,0.451937,1.39101,21.6773,0.00658663,0,0,0,0,0,0,0,0,0,0,18.2921,1.55546,0,0,0,0,0,0,
1673,1986-04,0.366818,1.41142,21.886,0.0049407,0,0,0,0,0,0,0,0,0,0,18.537,1.27983,0,0,0,0,0,0,
1704,1986-05,0.432357,1.4553,22.6182,0.00694086,0,0,0,0,0,0,0,0,0,0,19.1383,1.46072,0,0,0,0,0,0,
1734,1986-06,0.301717,1.48402,22.9067,0.0039234,0,0,0,0,0,0,0,0,0,0,19.4733,1.0587,0,0,0,0,0,0,
1765,1986-07,0.134939,1.50373,23.0064,0.000794608,0,0,0,0,0,0,0,0,0,0,19.689,0.514542,0,0,0,0,0,0,
1796,1986-08,0.0241622,1.51199,22.9783,6.1333e-05,0,0,0,0,0,0,0,0,0,0,19.7872,0.0955952,0,0,0,0,0,0,
1826,1986-09,0.221196,1.55399,23.8364,0.00469665,0,0,0,0,0,0,0,0,0,0,20.3994,0.698325,0,0,0,0,0,0,
1857,1986-10,0.387317,1.59774,24.6997,0.00775853,0,0,0,0,0,0,0,0,0,0,21.0133,1.24267,0,0,0,0,0,0,
1887,1986-11,0.398035,1.62267,25.0875,0.00816514,0,0,0,0,0,0,0,0,0,0,21.345,1.26885,0,0,0,0,0,0,
1918,1986-12,0.386849,1.64674,25.4503,0.00726242,0,0,0,0,0,0,0,0,0,0,21.6479,1.26198,0,0,0,0,0,0,
1949,1987-01,0.302502,1.65431,25.4712,0.00524657,0,0,0,0,0,0,0,0,0,0,21.7198,1.00531,0,0,0,0,0,0,
1977,1987-02,0.251271,1.666,25.5976,0.00362813,0,0,0,0,0,0,0,0,0,0,21.8508,0.866264,0,0,0,0,0,0,
2008,1987-03,0.332547,1.69786,26.1754,0.00533422,0,0,0,0,0,0,0,0,0,0,22.2908,1.1237,0,0,0,0,0,0,
2038,1987-04,0.348565,1.72784,26.6544,0.00531351,0,0,0,0,0,0,0,0,0,0,22.6828,1.1897,0,0,0,0,0,0,
2069,1987-05,0.17089,1.73802,26.6123,0.000978608,0,0,0,0,0,0,0,0,0,0,22.7575,0.652811,0,0,0,0,0,0,
2099,1987-06,0.137584,1.77011,27.0546,0.000663225,0,0,0,0,0,0,0,0,0,0,23.1732,0.53091,0,0,0,0,0,0,
2130,1987-07,0.205947,1.81513,27.8158,0.00217484,0,0,0,0,0,0,0,0,0,0,23.7827,0.744166,0,0,0,0,0,0,
2161,1987-08,0.304236,1.87287,28.8216,0.003241,0,0,0,0,0,0,0,0,0,0,24.5527,1.09812,0,0,0,0,0,0,
2191,1987-09,0.253068,1.90163,29.1869,0.00292587,0,0,0,0,0,0,0,0,0,0,24.9249,0.903599,0,0,0,0,0,0,
2222,1987-10,0.148362,1.91285,29.2391,0.000499164,0,0,0,0,0,0,0,0,0,0,25.0389,0.581738,0,0,0,0,0,0,
2252,1987-11,0.104022,1.91866,29.2643,0.000310516,0,0,0,0,0,0,0,0,0,0,25.1124,0.409567,0,0,0,0,0,0,
2283,1987-12,0.137436,1.93632,29.578,0.00057034,0,0,0,0,0,0,0,0,0,0,25.347,0.534281,0,0,0,0,0,0,
2314,1988-01,0.152279,1.9479,29.7625,0.00141381,0,0,0,0,0,0,0,0,0,0,25.5099,0.558551,0,0,0,0,0,0,
2343,1988-02,0.175004,1.96424,30.0345,0.00204241,0,0,0,0,0,0,0,0,0,0,25.7323,0.624047,0,0,0,0,0,0,
2374,1988-03,0.201738,1.98383,30.3711,0.00207399,0,0,0,0,0,0,0,0,0,0,25.9891,0.73137,0,0,0,0,0,0,
2404,1988-04,0.249758,2.02293,31.059,0.000598852,0,0,0,0,0,0,0,0,0,0,26.4808,0.989645,0,0,0,0,0,0,
2435,1988-05,0.228406,2.0545,31.5101,0.000343504,0,0,0,0,0,0,0,0,0,0,26.8904,0.913766,0,0,0,0,0,0,
2465,1988-06,0.150133,2.08166,31.8071,0.000263549,0,0,0,0,0,0,0,0,0,0,27.2448,0.599012,0,0,0,0,0,0,
2496,1988-07,0.0442499,2.09512,31.8555,0.000150464,0,0,0,0,0,0,0,0,0,0,27.4195,0.173439,0,0,0,0,0,0,
2527,1988-08,0.019386,2.10459,31.964,2.53343e-05,0,0,0,0,0,0,0,0,0,0,27.5416,0.0777196,0,0,0,0,0,0,
2557,1988-09,0.0388866,2.12219,32.2419,0.0011864,0,0,0,0,0,0,0,0,0,0,27.7877,0.107342,0,0,0,0,0,0,
2588,1988-10,0.0384805,2.14068,32.5327,0.000496509,0,0,0,0,0,0,0,0,0,0,28.0203,0.13519,0,0,0,0,0,0,
2618,1988-11,0.116953,2.17048,33.0921,0.00111639,0,0,0,0,0,0,0,0,0,0,28.4187,0.427671,0,0,0,0,0,0,
2649,1988-12,0.195363,2.19836,33.6179,0.0020024,0,0,0,0,0,0,0,0,0,0,28.7954,0.708518,0,0,0,0,0,0,
2680,1989-01,0.277939,2.22814,34.1724,0.00330402,0,0,0,0,0,0,0,0,0,0,29.2028,0.98853,0,0,0,0,0,0,
2708,1989-02,0.340036,2.25874,34.7215,0.00380439,0,0,0,0,0,0,0,0,0,0,29.61,1.21955,0,0,0,0,0,0,
2739,1989-03,0.398587,2.29191,35.2833,0.00562701,0,0,0,0,0,0,0,0,0,0,30.0686,1.37962,0,0,0,0,0,0,
2769,1989-04,0.400364,2.33062,35.8839,0.00495948,0,0,0,0,0,0,0,0,0,0,30.5662,1.41539,0,0,0,0,0,0,
2800,1989-05,0.364901,2.36589,36.3953,0.00310293,0,0,0,0,0,0,0,0,0,0,31.0026,1.35062,0,0,0,0,0,0,
2830,1989-06,0.479285,2.41706,37.2687,0.00779334,0,0,0,0,0,0,0,0,0,0,31.7357,1.61503,0,0,0,0,0,0,
2861,1989-07,0.413737,2.45993,37.8526,0.00581091,0,0,0,0,0,0,0,0,0,0,32.2699,1.43335,0,0,0,0,0,0,
2892,1989-08,0.288686,2.49517,38.2522,0.00255334,0,0,0,0,0,0,0,0,0,0,32.687,1.06431,0,0,0,0,0,0,
2922,1989-09,0.425939,2.5535,39.2866,0.00607415,0,0,0,0,0,0,0,0,0,0,33.498,1.47169,0,0,0,0,0,0,
2953,1989-10,0.336742,2.5775,39.5544,0.003743,0,0,0,0,0,0,0,0,0,0,33.7805,1.20879,0,0,0,0,0,0,
2983,1989-11,0.367862,2.60808,40.0484,0.00478939,0,0,0,0,0,0,0,0,0,0,34.1949,1.29055,0,0,0,0,0,0,
3014,1989-12,0.418932,2.63994,40.5837,0.00633562,0,0,0,0,0,0,0,0,0,0,34.6327,1.43203,0,0,0,0,0,0,
3045,1990-01,0.452028,2.67327,41.1393,0.00629647,0,0,0,0,0,0,0,0,0,0,35.0683,1.56824,0,0,0,0,0,0,
3073,1990-02,0.526797,2.72276,42.0029,0.00621349,0,0,0,0,0,0,0,0,0,0,35.7148,1.87572,0,0,0,0,0,0,
3104,1990-03,0.487452,2.74911,42.356,0.00545439,0,0,0,0,0,0,0,0,0,0,36.0494,1.74824,0,0,0,0,0,0,
3134,1990-04,0.457821,2.77845,42.7595,0.00530326,0,0,0,0,0,0,0,0,0,0,36.4313,1.63425,0,0,0,0,0,0,
3165,1990-05,0.476139,2.81489,43.316,0.0068222,0,0,0,0,0,0,0,0,0,0,36.9287,1.64377,0,0,0,0,0,0,
3195,1990-06,0.548398,2.87002,44.2044,0.010376,0,0,0,0,0,0,0,0,0,0,37.6981,1.78554,0,0,0,0,0,0,
3226,1990-07,0.281223,2.88737,44.1874,0.00287142,0,0,0,0,0,0,0,0,0,0,37.8238,1.02038,0,0,0,0,0,0,
3257,1990-08,0.199729,2.92253,44.6395,0.000320295,0,0,0,0,0,0,0,0,0,0,38.2494,0.798188,0,0,0,0,0,0,
3287,1990-09,0.104204,2.94254,44.8059,2.76883e-06,0,0,0,0,0,0,0,0,0,0,38.507,0.423466,0,0,0,0,0,0,
3318,1990-10,0.187913,2.98889,45.6299,0.000263519,0,0,0,0,0,0,0,0,0,0,39.1172,0.752587,0,0,0,0,0,0,
3348,1990-11,0.249228,3.02307,46.2363,0.000484912,0,0,0,0,0,0,0,0,0,0,39.5674,0.992359,0,0,0,0,0,0,
3379,1990-12,0.437312,3.08132,47.3632,0.00284994,0,0,0,0,0,0,0,0,0,0,40.3616,1.65578,0,0,0,0,0,0,
3410,1991-01,0.467098,3.11719,47.9367,0.00381556,0,0,0,0,0,0,0,0,0,0,40.844,1.73557,0,0,0,0,0,0,
3438,1991-02,0.400727,3.13416,48.1086,0.00297748,0,0,0,0,0,0,0,0,0,0,41.0548,1.50161,0,0,0,0,0,0,
3469,1991-03,0.390848,3.16372,48.5417,0.00302184,0,0,0,0,0,0,0,0,0,0,41.4422,1.45956,0,0,0,0,0,0,
3499,1991-04,0.334704,3.18491,48.7927,0.00218878,0,0,0,0,0,0,0,0,0,0,41.7083,1.26696,0,0,0,0,0,0,
3530,1991-05,0.390534,3.22662,49.4873,0.00355986,0,0,0,0,0,0,0,0,0,0,42.2727,1.43528,0,0,0,0,0,0,
3560,1991-06,0.449465,3.27932,50.3286,0.00650521,0,0,0,0,0,0,0,0,0,0,43.0021,1.54889,0,0,0,0,0,0,
3591,1991-07,0.493434,3.33407,51.1572,0.0108267,0,0,0,0,0,0,0,0,0,0,43.777,1.54284,0,0,0,0,0,0,
3622,1991-08,0.248588,3.34869,51.1171,0.00426516,0,0,0,0,0,0,0,0,0,0,43.8796,0.82812,0,0,0,0,0,0,
3652,1991-09,0.10115,3.3607,51.1417,0.000319698,0,0,0,0,0,0,0,0,0,0,43.9835,0.397496,0,0,0,0,0,0,
3683,1991-10,0.0654562,3.3726,51.2696,0.000292936,0,0,0,0,0,0,0,0,0,0,44.1389,0.25355,0,0,0,0,0,0,
3713,1991-11,0.160433,3.39675,51.7415,0.0025865,0,0,0,0,0,0,0,0,0,0,44.4859,0.541555,0,0,0,0,0,0,
3744,1991-12,0.208916,3.42459,52.2434,0.00212805,0,0,0,0,0,0,0,0,0,0,44.8441,0.758235,0,0,0,0,0,0,
3775,1992-01,0.213766,3.44292,52.5387,0.00149174,0,0,0,0,0,0,0,0,0,0,45.0753,0.805162,0,0,0,0,0,0,
3804,1992-02,0.188103,3.45626,52.7155,0.000685289,0,0,0,0,0,0,0,0,0,0,45.239,0.735323,0,0,0,0,0,0,
3835,1992-03,0.134088,3.46631,52.7973,6.02757e-05,0,0,0,0,0,0,0,0,0,0,45.362,0.542483,0,0,0,0,0,0,
3865,1992-04,0.108526,3.48253,53.0009,0.000353014,0,0,0,0,0,0,0,0,0,0,45.5783,0.426056,0,0,0,0,0,0,
3896,1992-05,0.0847376,3.50392,53.2948,4.14961e-05,0,0,0,0,0,0,0,0,0,0,45.8539,0.342678,0,0,0,0,0,0,
3926,1992-06,0.135817,3.54139,53.9138,0.00168581,0,0,0,0,0,0,0,0,0,0,46.3666,0.480003,0,0,0,0,0,0,
3957,1992-07,0.366999,3.60672,55.1388,0.00874462,0,0,0,0,0,0,0,0,0,0,47.3168,1.11792,0,0,0,0,0,0,
3988,1992-08,0.279652,3.63772,55.4887,0.00813879,0,0,0,0,0,0,0,0,0,0,47.7143,0.788761,0,0,0,0,0,0,
4018,1992-09,0.225398,3.66273,55.835,0.00509906,0,0,0,0,0,0,0,0,0,0,48.0006,0.698198,0,0,0,0,0,0,
4049,1992-10,0.270609,3.69704,56.43,0.00464134,0,0,0,0,0,0,0,0,0,0,48.4433,0.901549,0,0,0,0,0,0,
4079,1992-11,0.2573,3.71485,56.6962,0.00363502,0,0,0,0,0,0,0,0,0,0,48.6628,0.890478,0,0,0,0,0,0,
4110,1992-12,0.279577,3.73575,57.044,0.00379602,0,0,0,0,0,0,0,0,0,0,48.9385,0.974151,0,0,0,0,0,0,
4141,1993-01,0.358444,3.77088,57.6713,0.0052807,0,0,0,0,0,0,0,0,0,0,49.4183,1.23126,0,0,0,0,0,0,
4169,1993-02,0.31477,3.78481,57.8325,0.00432692,0,0,0,0,0,0,0,0,0,0,49.5876,1.09451,0,0,0,0,0,0,
4200,1993-03,0.372371,3.81833,58.4263,0.00437125,0,0,0,0,0,0,0,0,0,0,50.027,1.32675,0,0,0,0,0,0,
4230,1993-04,0.414956,3.85985,59.1039,0.00538674,0,0,0,0,0,0,0,0,0,0,50.584,1.45644,0,0,0,0,0,0,
4261,1993-05,0.292669,3.87991,59.2599,0.00322961,0,0,0,0,0,0,0,0,0,0,50.8173,1.05159,0,0,0,0,0,0,
4291,1993-06,0.35491,3.92521,59.998,0.00591054,0,0,0,0,0,0,0,0,0,0,51.4464,1.18996,0,0,0,0,0,0,
4322,1993-07,0.469199,3.98182,60.955,0.010519,0,0,0,0,0,0,0,0,0,0,52.2494,1.45748,0,0,0,0,0,0,
4353,1993-08,0.440981,4.02604,61.6138,0.00861557,0,0,0,0,0,0,0,0,0,0,52.8024,1.42417,0,0,0,0,0,0,
4383,1993-09,0.529719,4.08036,62.5591,0.0093256,0,0,0,0,0,0,0,0,0,0,53.5229,1.75452,0,0,0,0,0,0,
4414,1993-10,0.432746,4.10043,62.746,0.00762142,0,0,0,0,0,0,0,0,0,0,53.7625,1.4332,0,0,0,0,0,0,
4444,1993-11,0.403464,4.12377,63.0766,0.00633397,0,0,0,0,0,0,0,0,0,0,54.0505,1.36922,0,0,0,0,0,0,
4475,1993-12,0.398872,4.14614,63.4207,0.00560283,0,0,0,0,0,0,0,0,0,0,54.3333,1.38182,0,0,0,0,0,0,
4506,1994-01,0.353531,4.16098,63.5863,0.00510087,0,0,0,0,0,0,0,0,0,0,54.5208,1.21897,0,0,0,0,0,0,
4534,1994-02,0.353207,4.1802,63.873,0.00538691,0,0,0,0,0,0,0,0,0,0,54.7762,1.20542,0,0,0,0,0,0,
4565,1994-03,0.335583,4.2075,64.2864,0.00376581,0,0,0,0,0,0,0,0,0,0,55.1115,1.2031,0,0,0,0,0,0,
4595,1994-04,0.315523,4.23743,64.7457,0.0015287,0,0,0,0,0,0,0,0,0,0,55.473,1.21722,0,0,0,0,0,0,
4626,1994-05,0.306741,4.27156,65.2466,0.00178127,0,0,0,0,0,0,0,0,0,0,55.9231,1.17072,0,0,0,0,0,0,
4656,1994-06,0.252412,4.30525,65.6716,0.0021234,0,0,0,0,0,0,0,0,0,0,56.3686,0.935244,0,0,0,0,0,0,
4687,1994-07,0.0834578,4.31843,65.6511,0.000138612,0,0,0,0,0,0,0,0,0,0,56.5143,0.333324,0,0,0,0,0,0,
4718,1994-08,0.0125981,4.3297,65.7184,1.37905e-05,0,0,0,0,0,0,0,0,0,0,56.66,0.0506206,0,0,0,0,0,0,
4748,1994-09,0.00432849,4.33787,65.8301,1.59476e-05,0,0,0,0,0,0,0,0,0,0,56.767,0.0169131,0,0,0,0,0,0,
4779,1994-10,0.180079,4.36697,66.4631,0.00449879,0,0,0,0,0,0,0,0,0,0,57.2083,0.539645,0,0,0,0,0,0,
4809,1994-11,0.25395,4.40126,67.0905,0.00468833,0,0,0,0,0,0,0,0,0,0,57.6596,0.831822,0,0,0,0,0,0,
4840,1994-12,0.262936,4.42176,67.4285,0.00382328,0,0,0,0,0,0,0,0,0,0,57.9162,0.905341,0,0,0,0,0,0,
4871,1995-01,0.228397,4.43134,67.5391,0.00275932,0,0,0,0,0,0,0,0,0,0,58.0271,0.810432,0,0,0,0,0,0,
4899,1995-02,0.195254,4.44318,67.6881,0.00156293,0,0,0,0,0,0,0,0,0,0,58.1659,0.726864,0,0,0,0,0,0,
4930,1995-03,0.185085,4.46036,67.9501,0.000518035,0,0,0,0,0,0,0,0,0,0,58.3767,0.730206,0,0,0,0,0,0,
4960,1995-04,0.161485,4.47721,68.17,0.000559429,0,0,0,0,0,0,0,0,0,0,58.5977,0.632507,0,0,0,0,0,0,
4991,1995-05,0.462125,4.54466,69.5378,0.00715946,0,0,0,0,0,0,0,0,0,0,59.5696,1.57238,0,0,0,0,0,0,
5021,1995-06,0.805332,4.65834,71.687,0.0126965,0,0,0,0,0,0,0,0,0,0,61.1319,2.73074,0,0,0,0,0,0,
5052,1995-07,0.77379,4.72078,72.5999,0.0119148,0,0,0,0,0,0,0,0,0,0,61.9386,2.63594,0,0,0,0,0,0,
5083,1995-08,0.54548,4.74479,72.6894,0.00775043,0,0,0,0,0,0,0,0,0,0,62.1965,1.88594,0,0,0,0,0,0,
5113,1995-09,0.343691,4.7633,72.7343,0.00363061,0,0,0,0,0,0,0,0,0,0,62.383,1.24184,0,0,0,0,0,0,
5144,1995-10,0.324443,4.78701,73.066,0.00360104,0,0,0,0,0,0,0,0,0,0,62.693,1.16487,0,0,0,0,0,0,
5174,1995-11,0.408556,4.82999,73.8501,0.00317251,0,0,0,0,0,0,0,0,0,0,63.2496,1.5251,0,0,0,0,0,0,
5205,1995-12,0.480738,4.87948,74.7019,0.00360046,0,0,0,0,0,0,0,0,0,0,63.9031,1.80022,0,0,0,0,0,0,
5236,1996-01,0.439408,4.89912,74.9315,0.00403657,0,0,0,0,0,0,0,0,0,0,64.1659,1.61357,0,0,0,0,0,0,
5265,1996-02,0.429266,4.92644,75.341,0.00339725,0,0,0,0,0,0,0,0,0,0,64.5148,1.59968,0,0,0,0,0,0,
5296,1996-03,0.406408,4.95029,75.6732,0.00312136,0,0,0,0,0,0,0,0,0,0,64.8232,1.51856,0,0,0,0,0,0,
5326,1996-04,0.337306,4.97107,75.9093,0.00160918,0,0,0,0,0,0,0,0,0,0,65.0747,1.30232,0,0,0,0,0,0,
5357,1996-05,0.337137,5.00863,76.4973,0.000438279,0,0,0,0,0,0,0,0,0,0,65.5504,1.3517,0,0,0,0,0,0,
5387,1996-06,0.318454,5.04733,77.039,0.00157026,0,0,0,0,0,0,0,0,0,0,66.0722,1.22735,0,0,0,0,0,0,
5418,1996-07,0.205989,5.07399,77.2713,0.00187535,0,0,0,0,0,0,0,0,0,0,66.4252,0.757145,0,0,0,0,0,0,
5449,1996-08,0.0439461,5.08287,77.1942,0,0,0,0,0,0,0,0,0,0,0,66.5161,0.178638,0,0,0,0,0,0,
5479,1996-09,0.117695,5.1045,77.5936,0.00245625,0,0,0,0,0,0,0,0,0,0,66.8322,0.373394,0,0,0,0,0,0,
5510,1996-10,0.168944,5.13082,78.0544,0.00340926,0,0,0,0,0,0,0,0,0,0,67.1895,0.540969,0,0,0,0,0,0,
5540,1996-11,0.234522,5.15982,78.602,0.00277723,0,0,0,0,0,0,0,0,0,0,67.5605,0.834566,0,0,0,0,0,0,
5571,1996-12,0.38084,5.2075,79.5353,0.00330177,0,0,0,0,0,0,0,0,0,0,68.1916,1.40691,0,0,0,0,0,0,
5602,1997-01,0.505641,5.26101,80.5135,0.00454558,0,0,0,0,0,0,0,0,0,0,68.9086,1.86103,0,0,0,0,0,0,
5630,1997-02,0.446849,5.28402,80.796,0.0032211,0,0,0,0,0,0,0,0,0,0,69.1919,1.67868,0,0,0,0,0,0,
5661,1997-03,0.486326,5.32342,81.4575,0.00290723,0,0,0,0,0,0,0,0,0,0,69.7032,1.85257,0,0,0,0,0,0,
5691,1997-04,0.4719,5.36255,82.039,0.00231533,0,0,0,0,0,0,0,0,0,0,70.2072,1.81924,0,0,0,0,0,0,
5722,1997-05,0.375382,5.39011,82.3232,0.00170588,0,0,0,0,0,0,0,0,0,0,70.5598,1.45296,0,0,0,0,0,0,
5752,1997-06,0.471653,5.44447,83.2166,0.00647976,0,0,0,0,0,0,0,0,0,0,71.3356,1.64017,0,0,0,0,0,0,
5783,1997-07,0.349664,5.47785,83.5892,0.00342015,0,0,0,0,0,0,0,0,0,0,71.731,1.27512,0,0,0,0,0,0,
5814,1997-08,0.19421,5.49989,83.7344,0.000725329,0,0,0,0,0,0,0,0,0,0,71.983,0.758435,0,0,0,0,0,0,
5844,1997-09,0.117425,5.5208,83.9465,0.000150806,0,0,0,0,0,0,0,0,0,0,72.249,0.470876,0,0,0,0,0,0,
5875,1997-10,0.0874975,5.53787,84.1607,0.000169603,0,0,0,0,0,0,0,0,0,0,72.4726,0.34842,0,0,0,0,0,0,
5905,1997-11,0.123286,5.55707,84.4937,0.000909665,0,0,0,0,0,0,0,0,0,0,72.7339,0.462254,0,0,0,0,0,0,
5936,1997-12,0.110808,5.56733,84.6384,0.000423719,0,0,0,0,0,0,0,0,0,0,72.8616,0.432311,0,0,0,0,0,0,
5967,1998-01,0.1972,5.59803,85.2308,0.000562917,0,0,0,0,0,0,0,0,0,0,73.2652,0.777535,0,0,0,0,0,0,
5995,1998-02,0.163469,5.6097,85.3648,0.000101593,0,0,0,0,0,0,0,0,0,0,73.4117,0.660145,0,0,0,0,0,0,
6026,1998-03,0.233901,5.63522,85.8379,0.00131711,0,0,0,0,0,0,0,0,0,0,73.762,0.894473,0,0,0,0,0,0,
6056,1998-04,0.290076,5.66764,86.3918,0.00270003,0,0,0,0,0,0,0,0,0,0,74.205,1.06369,0,0,0,0,0,0,
6087,1998-05,0.166332,5.68574,86.5138,0.000678918,0,0,0,0,0,0,0,0,0,0,74.4145,0.647098,0,0,0,0,0,0,
6117,1998-06,0.30885,5.74997,87.6987,0.000807893,0,0,0,0,0,0,0,0,0,0,75.2568,1.22091,0,0,0,0,0,0,
6148,1998-07,0.27006,5.7842,88.1414,0.0020111,0,0,0,0,0,0,0,0,0,0,75.721,1.01179,0,0,0,0,0,0,
6179,1998-08,0.0702288,5.79964,88.1084,8.4253e-05,0,0,0,0,0,0,0,0,0,0,75.897,0.281873,0,0,0,0,0,0,
6209,1998-09,0.0183055,5.80482,88.1108,1.41727e-05,0,0,0,0,0,0,0,0,0,0,75.9639,0.0738048,0,0,0,0,0,0,
6240,1998-10,0.0269999,5.8167,88.3043,0,0,0,0,0,0,0,0,0,0,0,76.1192,0.109753,0,0,0,0,0,0,
6270,1998-11,0.0573308,5.83049,88.5485,0.000651667,0,0,0,0,0,0,0,0,0,0,76.3085,0.205181,0,0,0,0,0,0,
6301,1998-12,0.201319,5.87658,89.4569,0.000991067,0,0,0,0,0,0,0,0,0,0,76.9162,0.775971,0,0,0,0,0,0,
6332,1999-01,0.332375,5.91953,90.2843,0.00223405,0,0,0,0,0,0,0,0,0,0,77.495,1.25556,0,0,0,0,0,0,
6360,1999-02,0.344483,5.953,90.8185,0.00171059,0,0,0,0,0,0,0,0,0,0,77.926,1.32716,0,0,0,0,0,0,
6391,1999-03,0.303139,5.97404,91.087,0.00101813,0,0,0,0,0,0,0,0,0,0,78.1919,1.1887,0,0,0,0,0,0,
6421,1999-04,0.308663,5.99866,91.4476,0.00236841,0,0,0,0,0,0,0,0,0,0,78.5323,1.15342,0,0,0,0,0,0,
6452,1999-05,0.368972,6.03589,92.0714,0.00434036,0,0,0,0,0,0,0,0,0,0,79.0461,1.31426,0,0,0,0,0,0,
6482,1999-06,0.357213,6.06849,92.5257,0.00580398,0,0,0,0,0,0,0,0,0,0,79.4926,1.20387,0,0,0,0,0,0,
6513,1999-07,0.245382,6.09592,92.8189,0.00302533,0,0,0,0,0,0,0,0,0,0,79.8139,0.868101,0,0,0,0,0,0,
6544,1999-08,0.148231,6.12313,93.122,0.000804635,0,0,0,0,0,0,0,0,0,0,80.1401,0.568144,0,0,0,0,0,0,
6574,1999-09,0.07823,6.14318,93.3272,0.000475644,0,0,0,0,0,0,0,0,0,0,80.398,0.297662,0,0,0,0,0,0,
6605,1999-10,0.184955,6.18722,94.1366,0.00160744,0,0,0,0,0,0,0,0,0,0,80.9896,0.683098,0,0,0,0,0,0,
6635,1999-11,0.251638,6.22274,94.7783,0.00139067,0,0,0,0,0,0,0,0,0,0,81.4516,0.96343,0,0,0,0,0,0,
6666,1999-12,0.333857,6.25993,95.4561,0.0019617,0,0,0,0,0,0,0,0,0,0,81.9459,1.27323,0,0,0,0,0,0,
6697,2000-01,0.357297,6.28914,95.9291,0.00228787,0,0,0,0,0,0,0,0,0,0,82.3325,1.35456,0,0,0,0,0,0,
6726,2000-02,0.366274,6.31589,96.3403,0.00280835,0,0,0,0,0,0,0,0,0,0,82.6897,1.3688,0,0,0,0,0,0,
6757,2000-03,0.330615,6.33215,96.531,0.0029916,0,0,0,0,0,0,0,0,0,0,82.9049,1.21601,0,0,0,0,0,0,
6787,2000-04,0.326743,6.35741,96.8965,0.00375937,0,0,0,0,0,0,0,0,0,0,83.2458,1.16744,0,0,0,0,0,0,
6818,2000-05,0.169195,6.36869,96.8868,0.00032867,0,0,0,0,0,0,0,0,0,0,83.3471,0.673713,0,0,0,0,0,0,
6848,2000-06,0.152241,6.40213,97.3663,0.000505718,0,0,0,0,0,0,0,0,0,0,83.7872,0.597227,0,0,0,0,0,0,
6879,2000-07,0.0620551,6.42128,97.5293,7.27032e-05,0,0,0,0,0,0,0,0,0,0,84.0319,0.249141,0,0,0,0,0,0,
6910,2000-08,0.0101072,6.42801,97.5552,4.44472e-06,0,0,0,0,0,0,0,0,0,0,84.1191,0.040895,0,0,0,0,0,0,
6940,2000-09,0.103323,6.46151,98.1985,0.000250924,0,0,0,0,0,0,0,0,0,0,84.5608,0.40927,0,0,0,0,0,0,
6971,2000-10,0.112744,6.48202,98.5272,2.98136e-05,0,0,0,0,0,0,0,0,0,0,84.8262,0.457021,0,0,0,0,0,0,
7001,2000-11,0.121935,6.49413,98.7192,0.000371594,0,0,0,0,0,0,0,0,0,0,84.9892,0.47977,0,0,0,0,0,0,
7032,2000-12,0.161537,6.51035,99.005,0.00160971,0,0,0,0,0,0,0,0,0,0,85.2183,0.587807,0,0,0,0,0,0,
7063,2001-01,0.176698,6.52545,99.2442,0.00240479,0,0,0,0,0,0,0,0,0,0,85.4265,0.615438,0,0,0,0,0,0,
7091,2001-02,0.181659,6.53891,99.457,0.00233453,0,0,0,0,0,0,0,0,0,0,85.6018,0.638609,0,0,0,0,0,0,
7122,2001-03,0.214819,6.56338,99.8855,0.00183059,0,0,0,0,0,0,0,0,0,0,85.9152,0.794951,0,0,0,0,0,0,
7152,2001-04,0.452554,6.62787,101.161,0.00550146,0,0,0,0,0,0,0,0,0,0,86.8087,1.60437,0,0,0,0,0,0,
7183,2001-05,0.313383,6.65326,101.404,0.00134614,0,0,0,0,0,0,0,0,0,0,87.0849,1.21632,0,0,0,0,0,0,
7213,2001-06,0.33988,6.70286,102.194,0.00144901,0,0,0,0,0,0,0,0,0,0,87.7353,1.31963,0,0,0,0,0,0,
7244,2001-07,0.19164,6.72846,102.382,0.000165988,0,0,0,0,0,0,0,0,0,0,88.053,0.771906,0,0,0,0,0,0,
7275,2001-08,0.0431746,6.73786,102.304,0.000142334,0,0,0,0,0,0,0,0,0,0,88.1757,0.169416,0,0,0,0,0,0,
7305,2001-09,0.00924492,6.74736,102.397,0.000163722,0,0,0,0,0,0,0,0,0,0,88.3003,0.0305794,0,0,0,0,0,0,
7336,2001-10,0.0175129,6.75749,102.566,1.97602e-05,0,0,0,0,0,0,0,0,0,0,88.4309,0.0703439,0,0,0,0,0,0,
7366,2001-11,0.079432,6.77962,102.99,0.000276821,0,0,0,0,0,0,0,0,0,0,88.724,0.311049,0,0,0,0,0,0,
7397,2001-12,0.12241,6.79677,103.3,0.00112805,0,0,0,0,0,0,0,0,0,0,88.9599,0.449353,0,0,0,0,0,0,
7428,2002-01,0.143025,6.8134,103.589,0.00078421,0,0,0,0,0,0,0,0,0,0,89.1728,0.547857,0,0,0,0,0,0,
7456,2002-02,0.275038,6.85589,104.418,0.00158421,0,0,0,0,0,0,0,0,0,0,89.7398,1.05027,0,0,0,0,0,0,
7487,2002-03,0.460319,6.91705,105.588,0.00371767,0,0,0,0,0,0,0,0,0,0,90.5689,1.71221,0,0,0,0,0,0,
7517,2002-04,0.501375,6.96806,106.427,0.00346258,0,0,0,0,0,0,0,0,0,0,91.233,1.89,0,0,0,0,0,0,
7548,2002-05,0.619372,7.03119,107.543,0.00462471,0,0,0,0,0,0,0,0,0,0,92.0748,2.31996,0,0,0,0,0,0,
7578,2002-06,0.961176,7.12324,109.249,0.0173804,0,0,0,0,0,0,0,0,0,0,93.4517,3.16395,0,0,0,0,0,0,
7609,2002-07,0.717901,7.16013,109.5,0.0139591,0,0,0,0,0,0,0,0,0,0,93.8883,2.32135,0,0,0,0,0,0,
7640,2002-08,0.425326,7.1767,109.405,0.00824518,0,0,0,0,0,0,0,0,0,0,94.028,1.37637,0,0,0,0,0,0,
7670,2002-09,0.359971,7.20532,109.756,0.00733448,0,0,0,0,0,0,0,0,0,0,94.3902,1.14964,0,0,0,0,0,0,
7701,2002-10,0.331912,7.22808,110.072,0.00656508,0,0,0,0,0,0,0,0,0,0,94.6776,1.06848,0,0,0,0,0,0,
7731,2002-11,0.2817,7.24089,110.21,0.00539359,0,0,0,0,0,0,0,0,0,0,94.8295,0.914469,0,0,0,0,0,0,
7762,2002-12,0.23734,7.25285,110.349,0.00390246,0,0,0,0,0,0,0,0,0,0,94.9658,0.797907,0,0,0,0,0,0,
7793,2003-01,0.251969,7.27609,110.734,0.00322355,0,0,0,0,0,0,0,0,0,0,95.2607,0.886403,0,0,0,0,0,0,
7821,2003-02,0.265854,7.29491,111.04,0.00321861,0,0,0,0,0,0,0,0,0,0,95.5069,0.943053,0,0,0,0,0,0,
7852,2003-03,0.394176,7.34629,112.001,0.00382764,0,0,0,0,0,0,0,0,0,0,96.1875,1.43863,0,0,0,0,0,0,
7882,2003-04,0.389483,7.38682,112.617,0.00332702,0,0,0,0,0,0,0,0,0,0,96.7112,1.44097,0,0,0,0,0,0,
7913,2003-05,0.341875,7.41079,112.9,0.00394982,0,0,0,0,0,0,0,0,0,0,97.0333,1.22081,0,0,0,0,0,0,
7943,2003-06,0.206978,7.43262,113.082,0.000648239,0,0,0,0,0,0,0,0,0,0,97.2744,0.813633,0,0,0,0,0,0,
7974,2003-07,0.0577469,7.4437,113.038,0,0,0,0,0,0,0,0,0,0,0,97.4105,0.234737,0,0,0,0,0,0,
8005,2003-08,0.00557094,7.44761,113.02,0,0,0,0,0,0,0,0,0,0,0,97.4618,0.0226455,0,0,0,0,0,0,
8035,2003-09,0.0291373,7.45871,113.213,0.000656315,0,0,0,0,0,0,0,0,0,0,97.6159,0.0903778,0,0,0,0,0,0,
8066,2003-10,0.0209709,7.47364,113.435,0.000213093,0,0,0,0,0,0,0,0,0,0,97.8053,0.0761337,0,0,0,0,0,0,
8096,2003-11,0.230889,7.51937,114.39,0.00349754,0,0,0,0,0,0,0,0,0,0,98.448,0.788996,0,0,0,0,0,0,
8127,2003-12,0.264223,7.5495,114.905,0.00296351,0,0,0,0,0,0,0,0,0,0,98.8351,0.947335,0,0,0,0,0,0,
8158,2004-01,0.241764,7.56358,115.09,0.00266348,0,0,0,0,0,0,0,0,0,0,99.0153,0.868865,0,0,0,0,0,0,
8187,2004-02,0.26616,7.59096,115.546,0.00238951,0,0,0,0,0,0,0,0,0,0,99.37,0.97975,0,0,0,0,0,0,
8218,2004-03,0.204704,7.60317,115.661,0.00102462,0,0,0,0,0,0,0,0,0,0,99.5113,0.788295,0,0,0,0,0,0,
8248,2004-04,0.149954,7.62126,115.87,2.56287e-05,0,0,0,0,0,0,0,0,0,0,99.7346,0.608459,0,0,0,0,0,0,
8279,2004-05,0.252981,7.66099,116.591,0.00226659,0,0,0,0,0,0,0,0,0,0,100.285,0.931434,0,0,0,0,0,0,
8309,2004-06,0.303345,7.70435,117.301,0.00374118,0,0,0,0,0,0,0,0,0,0,100.872,1.07311,0,0,0,0,0,0,
8340,2004-07,0.209973,7.7387,117.733,0.000535514,0,0,0,0,0,0,0,0,0,0,101.278,0.830629,0,0,0,0,0,0,
8371,2004-08,0.0956919,7.75851,117.859,0.000808526,0,0,0,0,0,0,0,0,0,0,101.541,0.35441,0,0,0,0,0,0,
8401,2004-09,0.129911,7.79486,118.46,0.000913821,0,0,0,0,0,0,0,0,0,0,102.018,0.489006,0,0,0,0,0,0,
8432,2004-10,0.152452,7.82137,118.889,0.00133555,0,0,0,0,0,0,0,0,0,0,102.371,0.5626,0,0,0,0,0,0,
8462,2004-11,0.1763,7.8423,119.241,0.00143111,0,0,0,0,0,0,0,0,0,0,102.646,0.655457,0,0,0,0,0,0,
8493,2004-12,0.21074,7.86429,119.628,0.00131892,0,0,0,0,0,0,0,0,0,0,102.932,0.80025,0,0,0,0,0,0,
8524,2005-01,0.250739,7.88621,120.003,0.0024239,0,0,0,0,0,0,0,0,0,0,103.234,0.915595,0,0,0,0,0,0,
8552,2005-02,0.267291,7.91182,120.43,0.00151679,0,0,0,0,0,0,0,0,0,0,103.557,1.02167,0,0,0,0,0,0,
8583,2005-03,0.263406,7.9316,120.724,0.0015578,0,0,0,0,0,0,0,0,0,0,103.816,1.00412,0,0,0,0,0,0,
8613,2005-04,0.282889,7.96373,121.238,0.00168574,0,0,0,0,0,0,0,0,0,0,104.239,1.07784,0,0,0,0,0,0,
8644,2005-05,0.22479,7.99115,121.592,0.000158461,0,0,0,0,0,0,0,0,0,0,104.577,0.906982,0,0,0,0,0,0,
8674,2005-06,0.545632,8.05467,122.856,0.0115249,0,0,0,0,0,0,0,0,0,0,105.562,1.72517,0,0,0,0,0,0,
8705,2005-07,0.393138,8.08205,123.085,0.00891709,0,0,0,0,0,0,0,0,0,0,105.885,1.2168,0,0,0,0,0,0,
8736,2005-08,0.18805,8.09672,123.086,0.00356405,0,0,0,0,0,0,0,0,0,0,106.004,0.612015,0,0,0,0,0,0,
8766,2005-09,0.248574,8.12779,123.616,0.00553994,0,0,0,0,0,0,0,0,0,0,106.438,0.773554,0,0,0,0,0,0,
8797,2005-10,0.299629,8.16203,124.214,0.00543248,0,0,0,0,0,0,0,0,0,0,106.884,0.985686,0,0,0,0,0,0,
8827,2005-11,0.278587,8.1838,124.539,0.00375403,0,0,0,0,0,0,0,0,0,0,107.146,0.971919,0,0,0,0,0,0,
8858,2005-12,0.269449,8.19906,124.764,0.00330141,0,0,0,0,0,0,0,0,0,0,107.34,0.954128,0,0,0,0,0,0,
8889,2006-01,0.236104,8.21254,124.933,0.00242061,0,0,0,0,0,0,0,0,0,0,107.505,0.856247,0,0,0,0,0,0,
8917,2006-02,0.254012,8.23588,125.319,0.00205643,0,0,0,0,0,0,0,0,0,0,107.805,0.944612,0,0,0,0,0,0,
8948,2006-03,0.348933,8.2729,126.006,0.00310008,0,0,0,0,0,0,0,0,0,0,108.304,1.28583,0,0,0,0,0,0,
8978,2006-04,0.351101,8.30136,126.43,0.00377533,0,0,0,0,0,0,0,0,0,0,108.685,1.26577,0,0,0,0,0,0,
9009,2006-05,0.226202,8.31859,126.544,0.00134527,0,0,0,0,0,0,0,0,0,0,108.878,0.861976,0,0,0,0,0,0,
9039,2006-06,0.213169,8.35507,127.078,0.0013767,0,0,0,0,0,0,0,0,0,0,109.356,0.807652,0,0,0,0,0,0,
9070,2006-07,0.0693437,8.37222,127.145,4.80998e-05,0,0,0,0,0,0,0,0,0,0,109.562,0.279821,0,0,0,0,0,0,
9101,2006-08,0.00786424,8.37882,127.154,2.90213e-05,0,0,0,0,0,0,0,0,0,0,109.648,0.0307267,0,0,0,0,0,0,
9131,2006-09,0.0356858,8.38997,127.355,0.000586409,0,0,0,0,0,0,0,0,0,0,109.802,0.119986,0,0,0,0,0,0,
9162,2006-10,0.0768496,8.40929,127.713,0.000413689,0,0,0,0,0,0,0,0,0,0,110.052,0.2947,0,0,0,0,0,0,
9192,2006-11,0.190081,8.44844,128.475,0.00044511,0,0,0,0,0,0,0,0,0,0,110.565,0.753633,0,0,0,0,0,0,
9223,2006-12,0.255344,8.48421,129.111,0.000697497,0,0,0,0,0,0,0,0,0,0,111.036,1.00813,0,0,0,0,0,0,
9254,2007-01,0.273295,8.50918,129.516,0.000753359,0,0,0,0,0,0,0,0,0,0,111.364,1.07871,0,0,0,0,0,0,
9282,2007-02,0.284739,8.52625,129.768,0.00229064,0,0,0,0,0,0,0,0,0,0,111.608,1.0595,0,0,0,0,0,0,
9313,2007-03,0.281356,8.55374,130.193,0.00144165,0,0,0,0,0,0,0,0,0,0,111.956,1.08205,0,0,0,0,0,0,
9343,2007-04,0.275963,8.58107,130.596,0.00167982,0,0,0,0,0,0,0,0,0,0,112.317,1.04995,0,0,0,0,0,0,
9374,2007-05,0.196324,8.60026,130.78,0.000950146,0,0,0,0,0,0,0,0,0,0,112.559,0.757418,0,0,0,0,0,0,
9404,2007-06,0.157106,8.63036,131.185,0.00052423,0,0,0,0,0,0,0,0,0,0,112.947,0.61621,0,0,0,0,0,0,
9435,2007-07,0.0345224,8.64272,131.198,0,0,0,0,0,0,0,0,0,0,0,113.101,0.140331,0,0,0,0,0,0,
9466,2007-08,0.0062884,8.64997,131.265,4.70841e-05,0,0,0,0,0,0,0,0,0,0,113.197,0.0235487,0,0,0,0,0,0,
9496,2007-09,0.0345055,8.66369,131.499,0.00111099,0,0,0,0,0,0,0,0,0,0,113.391,0.0927579,0,0,0,0,0,0,
9527,2007-10,0.117592,8.69182,132.025,0.00266905,0,0,0,0,0,0,0,0,0,0,113.78,0.363878,0,0,0,0,0,0,
9557,2007-11,0.120014,8.71243,132.364,0.00124634,0,0,0,0,0,0,0,0,0,0,114.03,0.434555,0,0,0,0,0,0,
9588,2007-12,0.186107,8.73963,132.872,0.00140209,0,0,0,0,0,0,0,0,0,0,114.388,0.696562,0,0,0,0,0,0,
9619,2008-01,0.238704,8.76387,133.306,0.00218426,0,0,0,0,0,0,0,0,0,0,114.716,0.87692,0,0,0,0,0,0,
9648,2008-02,0.379613,8.81123,134.206,0.00400156,0,0,0,0,0,0,0,0,0,0,115.361,1.372,0,0,0,0,0,0,
9679,2008-03,0.329584,8.83013,134.432,0.00314908,0,0,0,0,0,0,0,0,0,0,115.596,1.20508,0,0,0,0,0,0,
9709,2008-04,0.256892,8.84574,134.582,0.00176817,0,0,0,0,0,0,0,0,0,0,115.782,0.968644,0,0,0,0,0,0,
9740,2008-05,0.256238,8.8742,134.998,0.00272437,0,0,0,0,0,0,0,0,0,0,116.167,0.925098,0,0,0,0,0,0,
9770,2008-06,0.456496,8.94523,136.276,0.00897817,0,0,0,0,0,0,0,0,0,0,117.181,1.47173,0,0,0,0,0,0,
9801,2008-07,0.233621,8.96765,136.357,0.00438219,0,0,0,0,0,0,0,0,0,0,117.413,0.762276,0,0,0,0,0,0,
9832,2008-08,0.0495862,8.97923,136.316,0.000691722,0,0,0,0,0,0,0,0,0,0,117.514,0.171988,0,0,0,0,0,0,
9862,2008-09,0.0479915,9.00496,136.691,0.00151499,0,0,0,0,0,0,0,0,0,0,117.862,0.130303,0,0,0,0,0,0,
9893,2008-10,0.0280792,9.01736,136.869,0.000258404,0,0,0,0,0,0,0,0,0,0,118.007,0.103091,0,0,0,0,0,0,
9923,2008-11,0.0349555,9.02625,137.015,0.000218979,0,0,0,0,0,0,0,0,0,0,118.123,0.132728,0,0,0,0,0,0,
9954,2008-12,0.0943737,9.04181,137.328,0.000997418,0,0,0,0,0,0,0,0,0,0,118.337,0.340974,0,0,0,0,0,0,
9985,2009-01,0.19222,9.06472,137.775,0.00393204,0,0,0,0,0,0,0,0,0,0,118.677,0.613233,0,0,0,0,0,0,
10013,2009-02,0.176855,9.07454,137.91,0.00334485,0,0,0,0,0,0,0,0,0,0,118.797,0.575881,0,0,0,0,0,0,
10044,2009-03,0.303282,9.12027,138.788,0.00361545,0,0,0,0,0,0,0,0,0,0,119.4,1.07823,0,0,0,0,0,0,
10074,2009-04,0.392739,9.16867,139.668,0.00282833,0,0,0,0,0,0,0,0,0,0,120.022,1.47552,0,0,0,0,0,0,
10105,2009-05,0.45603,9.21171,140.413,0.00299535,0,0,0,0,0,0,0,0,0,0,120.588,1.72565,0,0,0,0,0,0,
10135,2009-06,0.24319,9.22243,140.296,0.000590441,0,0,0,0,0,0,0,0,0,0,120.696,0.963306,0,0,0,0,0,0,
10166,2009-07,0.141921,9.24298,140.459,0.000491562,0,0,0,0,0,0,0,0,0,0,120.963,0.555879,0,0,0,0,0,0,
10197,2009-08,0.120756,9.28301,141.042,4.10662e-05,0,0,0,0,0,0,0,0,0,0,121.481,0.48911,0,0,0,0,0,0,
10227,2009-09,0.019681,9.29241,141.034,2.54046e-05,0,0,0,0,0,0,0,0,0,0,121.604,0.0789158,0,0,0,0,0,0,
10258,2009-10,0.0922434,9.31218,141.418,0.00158275,0,0,0,0,0,0,0,0,0,0,121.883,0.307286,0,0,0,0,0,0,
10288,2009-11,0.20564,9.35001,142.143,0.00269331,0,0,0,0,0,0,0,0,0,0,122.393,0.720752,0,0,0,0,0,0,
10319,2009-12,0.288529,9.3763,142.639,0.00440782,0,0,0,0,0,0,0,0,0,0,122.761,0.984379,0,0,0,0,0,0,
10350,2010-01,0.290153,9.39202,142.871,0.00495924,0,0,0,0,0,0,0,0,0,0,122.974,0.967402,0,0,0,0,0,0,
10378,2010-02,0.258219,9.40294,143,0.00430532,0,0,0,0,0,0,0,0,0,0,123.108,0.865552,0,0,0,0,0,0,
10409,2010-03,0.188618,9.41026,143.038,0.00229669,0,0,0,0,0,0,0,0,0,0,123.177,0.668515,0,0,0,0,0,0,
10439,2010-04,0.179907,9.43029,143.341,0.00156403,0,0,0,0,0,0,0,0,0,0,123.429,0.664435,0,0,0,0,0,0,
10470,2010-05,0.352718,9.47928,144.29,0.00489381,0,0,0,0,0,0,0,0,0,0,124.115,1.22452,0,0,0,0,0,0,
10500,2010-06,0.516119,9.54624,145.489,0.0086823,0,0,0,0,0,0,0,0,0,0,125.042,1.72674,0,0,0,0,0,0,
10531,2010-07,0.42787,9.5821,145.929,0.00697141,0,0,0,0,0,0,0,0,0,0,125.489,1.44117,0,0,0,0,0,0,
10562,2010-08,0.213204,9.59683,145.901,0.00262157,0,0,0,0,0,0,0,0,0,0,125.622,0.754564,0,0,0,0,0,0,
10592,2010-09,0.212693,9.63114,146.433,0.00181534,0,0,0,0,0,0,0,0,0,0,126.061,0.78696,0,0,0,0,0,0,
10623,2010-10,0.185956,9.65479,146.77,0.000673815,0,0,0,0,0,0,0,0,0,0,126.355,0.727087,0,0,0,0,0,0,
10653,2010-11,0.207052,9.67451,147.09,0.00139597,0,0,0,0,0,0,0,0,0,0,126.623,0.781961,0,0,0,0,0,0,
10684,2010-12,0.301094,9.70852,147.715,0.00336184,0,0,0,0,0,0,0,0,0,0,127.094,1.08018,0,0,0,0,0,0,
10715,2011-01,0.324959,9.73161,148.085,0.00436696,0,0,0,0,0,0,0,0,0,0,127.41,1.13421,0,0,0,0,0,0,
10743,2011-02,0.415807,9.76559,148.706,0.00632172,0,0,0,0,0,0,0,0,0,0,127.881,1.41992,0,0,0,0,0,0,
10774,2011-03,0.467548,9.80819,149.434,0.00601018,0,0,0,0,0,0,0,0,0,0,128.434,1.64356,0,0,0,0,0,0,
10804,2011-04,0.506456,9.85192,150.156,0.00595159,0,0,0,0,0,0,0,0,0,0,129.006,1.80423,0,0,0,0,0,0,
10835,2011-05,0.454013,9.88699,150.633,0.00449187,0,0,0,0,0,0,0,0,0,0,129.445,1.65347,0,0,0,0,0,0,
10865,2011-06,0.523858,9.93673,151.435,0.00815333,0,0,0,0,0,0,0,0,0,0,130.145,1.78082,0,0,0,0,0,0,
10896,2011-07,0.281702,9.95897,151.509,0.00194835,0,0,0,0,0,0,0,0,0,0,130.353,1.06179,0,0,0,0,0,0,
10927,2011-08,0.0894982,9.97084,151.433,1.9724e-05,0,0,0,0,0,0,0,0,0,0,130.482,0.362961,0,0,0,0,0,0,
10957,2011-09,0.0309466,9.98243,151.519,0.00017273,0,0,0,0,0,0,0,0,0,0,130.636,0.11841,0,0,0,0,0,0,
10988,2011-10,0.139333,10.0117,152.071,0.00360676,0,0,0,0,0,0,0,0,0,0,131.065,0.412157,0,0,0,0,0,0,
11018,2011-11,0.188048,10.0415,152.604,0.00307882,0,0,0,0,0,0,0,0,0,0,131.448,0.632757,0,0,0,0,0,0,
11049,2011-12,0.282976,10.0757,153.26,0.00333947,0,0,0,0,0,0,0,0,0,0,131.899,1.00749,0,0,0,0,0,0,
11080,2012-01,0.342635,10.1124,153.91,0.00311312,0,0,0,0,0,0,0,0,0,0,132.376,1.25968,0,0,0,0,0,0,
11109,2012-02,0.34299,10.1394,154.325,0.00271452,0,0,0,0,0,0,0,0,0,0,132.724,1.27816,0,0,0,0,0,0,
11140,2012-03,0.36935,10.1719,154.867,0.00219794,0,0,0,0,0,0,0,0,0,0,133.143,1.4074,0,0,0,0,0,0,
11170,2012-04,0.351568,10.2057,155.369,0.00109921,0,0,0,0,0,0,0,0,0,0,133.569,1.3821,0,0,0,0,0,0,
11201,2012-05,0.253418,10.2234,155.498,0.000746435,0,0,0,0,0,0,0,0,0,0,133.797,0.99821,0,0,0,0,0,0,
11231,2012-06,0.32734,10.2746,156.342,0.00346178,0,0,0,0,0,0,0,0,0,0,134.503,1.18259,0,0,0,0,0,0,
11262,2012-07,0.265601,10.3197,156.964,0.00162549,0,0,0,0,0,0,0,0,0,0,135.069,1.01015,0,0,0,0,0,0,
11293,2012-08,0.0924367,10.3315,156.909,4.90333e-05,0,0,0,0,0,0,0,0,0,0,135.202,0.373652,0,0,0,0,0,0,
11323,2012-09,0.0330834,10.3424,156.987,1.45554e-05,0,0,0,0,0,0,0,0,0,0,135.344,0.13386,0,0,0,0,0,0,
11354,2012-10,0.127142,10.3669,157.468,0.00198846,0,0,0,0,0,0,0,0,0,0,135.691,0.431801,0,0,0,0,0,0,
11384,2012-11,0.225041,10.402,158.132,0.00296035,0,0,0,0,0,0,0,0,0,0,136.164,0.788195,0,0,0,0,0,0,
11415,2012-12,0.289305,10.4355,158.738,0.00283384,0,0,0,0,0,0,0,0,0,0,136.601,1.05483,0,0,0,0,0,0,
11446,2013-01,0.300471,10.4562,159.06,0.00338487,0,0,0,0,0,0,0,0,0,0,136.879,1.07666,0,0,0,0,0,0,
11474,2013-02,0.270715,10.4692,159.22,0.00288205,0,0,0,0,0,0,0,0,0,0,137.042,0.977206,0,0,0,0,0,0,
11505,2013-03,0.249085,10.4873,159.475,0.00206645,0,0,0,0,0,0,0,0,0,0,137.268,0.924155,0,0,0,0,0,0,
11535,2013-04,0.294175,10.5212,160.063,0.00167546,0,0,0,0,0,0,0,0,0,0,137.707,1.12416,0,0,0,0,0,0,
11566,2013-05,0.270129,10.5519,160.506,0.000862312,0,0,0,0,0,0,0,0,0,0,138.097,1.06119,0,0,0,0,0,0,
11596,2013-06,0.311347,10.5898,161.085,0.00453886,0,0,0,0,0,0,0,0,0,0,138.643,1.07153,0,0,0,0,0,0,
11627,2013-07,0.165042,10.6109,161.226,0.00201676,0,0,0,0,0,0,0,0,0,0,138.885,0.584651,0,0,0,0,0,0,
11658,2013-08,0.0774415,10.6323,161.446,0.000479358,0,0,0,0,0,0,0,0,0,0,139.145,0.294298,0,0,0,0,0,0,
11688,2013-09,0.0510753,10.6487,161.649,0.000833256,0,0,0,0,0,0,0,0,0,0,139.364,0.171989,0,0,0,0,0,0,
11719,2013-10,0.152939,10.689,162.419,0.000429897,0,0,0,0,0,0,0,0,0,0,139.886,0.603306,0,0,0,0,0,0,
11749,2013-11,0.242443,10.7176,162.955,0.00234804,0,0,0,0,0,0,0,0,0,0,140.285,0.885115,0,0,0,0,0,0,
11780,2013-12,0.281797,10.7387,163.318,0.00338204,0,0,0,0,0,0,0,0,0,0,140.575,1.00087,0,0,0,0,0,0,
11811,2014-01,0.282437,10.759,163.635,0.00295625,0,0,0,0,0,0,0,0,0,0,140.836,1.02168,0,0,0,0,0,0,
11839,2014-02,0.268018,10.778,163.908,0.00247309,0,0,0,0,0,0,0,0,0,0,141.077,0.98373,0,0,0,0,0,0,
11870,2014-03,0.382726,10.8269,164.811,0.00317169,0,0,0,0,0,0,0,0,0,0,141.727,1.42014,0,0,0,0,0,0,
11900,2014-04,0.38922,10.8619,165.351,0.00317778,0,0,0,0,0,0,0,0,0,0,142.185,1.44628,0,0,0,0,0,0,
11931,2014-05,0.340135,10.8928,165.766,0.00191796,0,0,0,0,0,0,0,0,0,0,142.572,1.30061,0,0,0,0,0,0,
11961,2014-06,0.375193,10.9305,166.327,0.00597424,0,0,0,0,0,0,0,0,0,0,143.12,1.26968,0,0,0,0,0,0,
11992,2014-07,0.339605,10.973,166.911,0.00649806,0,0,0,0,0,0,0,0,0,0,143.684,1.10262,0,0,0,0,0,0,
12023,2014-08,0.134317,10.9942,167.006,0.00142111,0,0,0,0,0,0,0,0,0,0,143.893,0.485224,0,0,0,0,0,0,
12053,2014-09,0.15401,11.0246,167.487,0.00202422,0,0,0,0,0,0,0,0,0,0,144.298,0.539486,0,0,0,0,0,0,
12084,2014-10,0.124745,11.0434,167.753,0.00045804,0,0,0,0,0,0,0,0,0,0,144.523,0.487494,0,0,0,0,0,0,
12114,2014-11,0.158047,11.0638,168.099,0.00140234,0,0,0,0,0,0,0,0,0,0,144.804,0.582488,0,0,0,0,0,0,
12145,2014-12,0.275227,11.106,168.9,0.00221237,0,0,0,0,0,0,0,0,0,0,145.366,1.02418,0,0,0,0,0,0,
12176,2015-01,0.282595,11.123,169.152,0.00333405,0,0,0,0,0,0,0,0,0,0,145.604,1.00617,0,0,0,0,0,0,
12204,2015-02,0.245221,11.1354,169.299,0.00233155,0,0,0,0,0,0,0,0,0,0,145.752,0.897114,0,0,0,0,0,0,
12235,2015-03,0.254504,11.1577,169.665,0.00156698,0,0,0,0,0,0,0,0,0,0,146.035,0.967538,0,0,0,0,0,0,
12265,2015-04,0.210967,11.18,169.96,0.000167973,0,0,0,0,0,0,0,0,0,0,146.307,0.850383,0,0,0,0,0,0,
12296,2015-05,0.154109,11.1987,170.156,0.000336018,0,0,0,0,0,0,0,0,0,0,146.554,0.612073,0,0,0,0,0,0,
12326,2015-06,0.102648,11.2245,170.472,0.000245703,0,0,0,0,0,0,0,0,0,0,146.89,0.406753,0,0,0,0,0,0,
12357,2015-07,0.0183061,11.2352,170.503,0.000638302,0,0,0,0,0,0,0,0,0,0,147.036,0.0471199,0,0,0,0,0,0,
12388,2015-08,0.00109888,11.2435,170.613,2.48166e-05,0,0,0,0,0,0,0,0,0,0,147.137,0.00340577,0,0,0,0,0,0,
