,HRUGroup:,HBVEC,HYPR,StMary,Milk,Glaciers,Babb,Havre,Malta,RockyBoy,FlatTop,ManyGlacier,band600,band800,band1000,band1200,band1400,band1600,band1800,band2000,band2200,band2400,band2600,DisableHRUs,
time,month,mean,mean,mean,mean,mean,mean,mean,mean,mean,mean,mean,mean,mean,mean,mean,mean,mean,mean,mean,mean,mean,mean,mean,
31,1981-10,0.81175,0.989519,0.630763,0.996616,0.275567,0.909341,1.2401,0.728148,0.554885,1.02408,0.886335,1.03479,1.00322,0.92452,0.850875,0.767414,0.665578,0.493904,0.509086,0.338992,0.380562,0.237243,0,
61,1981-11,0.454989,0.561182,0.347181,0.565398,0.141085,0.53675,0.769493,0.427204,0.232599,0.785471,0.578915,0.602893,0.567807,0.509854,0.475834,0.426463,0.374291,0.257202,0.304626,0.228507,0.264283,0.134589,0,
92,1981-12,0.16584,0.197576,0.134089,0.198801,0.0527811,0.217685,0.307063,0.167766,0.0609728,0.38595,0.270743,0.230724,0.194207,0.175045,0.172352,0.159476,0.148378,0.0945174,0.12325,0.0967909,0.108443,0.0470736,0,
123,1982-01,0.0922558,0.0719437,0.0751361,0.073985,0.0401721,0.139484,0.126797,0.0517175,0.0479638,0.262428,0.203996,0.0725104,0.069895,0.0766051,0.0914925,0.0957427,0.0942491,0.0697171,0.0855606,0.0624795,0.0677595,0.0332883,0,
151,1982-02,0.287268,0.260191,0.213566,0.266752,0.0932616,0.372073,0.347122,0.171894,0.206102,0.420325,0.365744,0.247765,0.260216,0.275927,0.293579,0.293944,0.257095,0.181279,0.187515,0.122343,0.133852,0.0784489,0,
182,1982-03,0.565999,0.550516,0.45765,0.559263,0.235493,0.77664,0.773166,0.388984,0.466817,0.786001,0.79786,0.557592,0.54984,0.550093,0.565955,0.585221,0.559285,0.439558,0.41764,0.259075,0.260815,0.179532,0,
212,1982-04,1.09496,1.45552,0.863072,1.45972,0.404496,1.2746,1.89215,1.10584,1.08186,0.982086,1.17,1.64186,1.46565,1.26052,1.11821,1.09207,0.975541,0.760879,0.669703,0.425067,0.385617,0.293034,0,
243,1982-05,2.11654,2.48327,1.63598,2.506,0.672726,2.12346,2.99751,1.64896,2.02489,1.32112,1.69589,2.48654,2.53019,2.4024,2.22462,2.03637,1.70203,1.30046,1.10082,0.723382,0.630615,0.469132,0,
273,1982-06,3.03925,3.45827,2.3385,3.49568,1.08103,3.30534,4.05926,2.30248,2.89076,2.05409,2.71957,3.5065,3.51942,3.30437,3.11871,2.97868,2.63422,2.1208,1.80107,1.23146,1.07672,0.823432,0,
304,1982-07,3.30072,3.87484,2.48495,3.91521,1.32709,3.4923,4.46771,2.6506,3.29372,2.4324,3.10685,3.98917,3.94593,3.64463,3.35527,3.21746,2.87273,2.38792,2.07676,1.41948,1.25667,1.02811,0,
335,1982-08,2.95742,3.55547,2.16617,3.5931,1.21713,3.21926,4.15712,2.44694,2.95252,2.61514,3.04384,3.70997,3.62924,3.26349,2.99595,2.89185,2.58456,2.11553,1.9151,1.29107,1.21057,0.984335,0,
365,1982-09,1.77786,2.2161,1.3017,2.23585,0.680052,1.91663,2.59904,1.56171,1.53502,1.81002,1.84732,2.29866,2.27061,2.02516,1.82888,1.70803,1.48401,1.17725,1.11966,0.733668,0.750712,0.55274,0,
396,1982-10,0.857173,1.0297,0.671036,1.03738,0.293994,1.01285,1.30082,0.728002,0.55076,1.15174,0.989172,1.04467,1.05108,0.97445,0.892898,0.82102,0.720336,0.535318,0.553898,0.370524,0.415825,0.255063,0,
426,1982-11,0.264152,0.339806,0.204728,0.341498,0.0852633,0.34524,0.464864,0.263632,0.138989,0.526481,0.40054,0.372174,0.345806,0.293208,0.271481,0.261107,0.234726,0.159223,0.186426,0.135112,0.151017,0.074243,0,
457,1982-12,0.171802,0.193082,0.130738,0.195395,0.0499216,0.225071,0.250455,0.145418,0.0662242,0.373647,0.261352,0.204096,0.193735,0.182691,0.17721,0.169429,0.152339,0.0941129,0.12005,0.0930322,0.104369,0.0445438,0,
488,1983-01,0.24674,0.24774,0.189631,0.252012,0.0924052,0.346047,0.339641,0.181531,0.11568,0.608398,0.435329,0.256992,0.247309,0.241862,0.246731,0.250557,0.238364,0.165762,0.207466,0.158177,0.178505,0.0864274,0,
516,1983-02,0.460942,0.467031,0.365357,0.474019,0.153794,0.630849,0.660278,0.358402,0.316817,0.705889,0.588025,0.511264,0.455076,0.461543,0.467248,0.474221,0.434199,0.306128,0.321089,0.216253,0.243464,0.134165,0,
547,1983-03,0.681624,0.750058,0.53913,0.758285,0.268499,0.893978,1.05167,0.553848,0.599897,0.887821,0.880042,0.81031,0.749001,0.700664,0.683941,0.698024,0.650369,0.504529,0.482126,0.303328,0.313795,0.20945,0,
577,1983-04,1.36869,1.80451,1.07196,1.81082,0.473446,1.47782,2.2685,1.34755,1.29432,1.14163,1.33029,1.96371,1.83312,1.59335,1.4237,1.31732,1.14948,0.900663,0.798337,0.511259,0.473182,0.346235,0,
608,1983-05,2.3435,2.73935,1.8457,2.76231,0.767514,2.40569,3.21555,1.79893,2.05221,1.48208,1.91036,2.72387,2.80066,2.63483,2.47332,2.22694,1.90004,1.49094,1.26648,0.839774,0.738116,0.538315,0,
638,1983-06,2.91801,3.51937,2.21379,3.55032,1.14016,3.11103,3.89023,2.37871,2.82507,2.01249,2.6537,3.67156,3.58846,3.2359,2.98134,2.85934,2.53298,2.08009,1.78013,1.21885,1.06279,0.858214,0,
669,1983-07,3.33964,3.94004,2.49952,3.98127,1.35,3.59766,4.28976,2.66104,3.26113,2.48121,3.16928,4.0984,4.01292,3.65104,3.38697,3.28341,2.93841,2.43147,2.11557,1.44661,1.28345,1.04858,0,
700,1983-08,3.48327,4.04212,2.59826,4.08828,1.43087,3.82222,4.49519,2.78459,3.17802,2.95606,3.43173,4.15396,4.12329,3.77479,3.52588,3.44306,3.10219,2.54078,2.29251,1.55259,1.466,1.15392,0,
730,1983-09,1.75332,2.17638,1.3207,2.19341,0.634326,1.89126,2.55395,1.51827,1.50349,1.70274,1.74208,2.25394,2.22756,1.99691,1.8151,1.67989,1.4571,1.14167,1.07752,0.704314,0.722906,0.523932,0,
761,1983-10,0.908947,1.05951,0.714113,1.06865,0.309716,1.07294,1.33434,0.738251,0.567628,1.22222,1.03907,1.06651,1.08114,1.00889,0.949105,0.875668,0.766544,0.566922,0.587791,0.397223,0.450123,0.27939,0,
791,1983-11,0.376519,0.483023,0.282442,0.486191,0.109474,0.429654,0.658355,0.363499,0.19959,0.613657,0.453805,0.518547,0.488999,0.439895,0.396294,0.353028,0.301076,0.20168,0.236359,0.175918,0.203057,0.102233,0,
822,1983-12,0.0443421,0.0249358,0.036639,0.0262331,0.0216999,0.0951994,0.0512984,0.0157398,0.0186956,0.174805,0.130127,0.0233163,0.0233644,0.030504,0.0392425,0.0518202,0.0595616,0.0413526,0.0527553,0.039043,0.0424861,0.0177843,0,
853,1984-01,0.214033,0.222908,0.165291,0.226259,0.0620836,0.273803,0.279364,0.161241,0.0897457,0.415825,0.299428,0.224389,0.223573,0.222587,0.222298,0.210135,0.187762,0.121247,0.147517,0.113749,0.130743,0.0585166,0,
882,1984-02,0.444213,0.503697,0.344702,0.50901,0.142711,0.572025,0.735559,0.398361,0.281077,0.693003,0.576679,0.559146,0.498122,0.46991,0.454843,0.446089,0.399812,0.28376,0.298576,0.200922,0.224295,0.12252,0,
913,1984-03,0.69549,0.744648,0.546604,0.754069,0.26268,0.90972,1.0103,0.576191,0.556289,0.852376,0.846172,0.817346,0.73469,0.708114,0.699751,0.715459,0.659043,0.506068,0.480998,0.303962,0.314849,0.209741,0,
943,1984-04,1.46109,2.00897,1.09982,2.01601,0.4442,1.49942,2.36164,1.4265,1.37655,1.07771,1.25063,2.12198,2.06336,1.78604,1.53706,1.37256,1.14562,0.87121,0.763753,0.487312,0.452054,0.33436,0,
974,1984-05,2.22546,2.93162,1.62512,2.95086,0.634024,2.1637,3.34821,2.05372,2.2658,1.2454,1.60365,3.07756,3.00526,2.64211,2.3373,2.1168,1.73077,1.27333,1.06276,0.699157,0.610857,0.452785,0,
1004,1984-06,3.04762,3.54242,2.31282,3.5796,1.07617,3.27062,4.003,2.38985,2.95933,1.94724,2.58594,3.59331,3.61879,3.3431,3.12714,2.99078,2.63788,2.10494,1.77551,1.21248,1.05975,0.810947,0,
1035,1984-07,3.78126,4.41711,2.84137,4.46457,1.60732,4.12522,5.04164,3.00824,3.71345,2.93538,3.73394,4.54953,4.52177,4.06228,3.81284,3.73799,3.40397,2.85993,2.5025,1.72144,1.53463,1.27328,0,
1066,1984-08,3.42762,3.95711,2.57634,4.0018,1.49285,3.85758,4.61003,2.67447,3.16656,3.02476,3.51453,4.0144,4.05004,3.71158,3.45189,3.40327,3.09579,2.55966,2.32053,1.55928,1.47098,1.13804,0,
1096,1984-09,1.48259,1.76416,1.14364,1.77935,0.606242,1.72807,2.10834,1.22261,1.24918,1.68179,1.72636,1.85124,1.79307,1.62277,1.50902,1.46351,1.32281,1.06518,1.01278,0.662401,0.676713,0.499413,0,
1127,1984-10,0.806643,0.993366,0.626386,1.00008,0.292883,0.929581,1.22413,0.715205,0.549224,1.12709,0.990797,1.05289,1.00946,0.903528,0.838969,0.768833,0.680028,0.520089,0.536421,0.352787,0.392709,0.2498,0,
1157,1984-11,0.29291,0.345772,0.219609,0.349352,0.0913666,0.37651,0.483917,0.280223,0.153129,0.551875,0.407501,0.398839,0.343218,0.301355,0.299192,0.294985,0.261215,0.172926,0.205204,0.152818,0.174613,0.0842631,0,
1188,1984-12,0.103505,0.0937988,0.0775075,0.0961186,0.0357808,0.137159,0.153053,0.0660745,0.0404075,0.277868,0.201617,0.0933347,0.0923423,0.0998559,0.105239,0.102306,0.0957072,0.0635282,0.0827571,0.0632886,0.0685828,0.0297941,0,
1219,1985-01,0.161964,0.151399,0.130444,0.154167,0.0560727,0.256996,0.212909,0.111975,0.0571869,0.402868,0.298891,0.149883,0.150128,0.15811,0.161547,0.166695,0.164991,0.112719,0.137313,0.102762,0.115039,0.0492429,0,
1247,1985-02,0.267724,0.272104,0.213009,0.276071,0.0800064,0.340386,0.34215,0.186364,0.17045,0.366395,0.323997,0.27226,0.269964,0.283192,0.278292,0.267334,0.233466,0.163452,0.165807,0.107177,0.117173,0.0650635,0,
1278,1985-03,0.659969,0.71072,0.525581,0.718987,0.243397,0.833405,0.915672,0.562179,0.545117,0.806726,0.818596,0.780399,0.696862,0.691296,0.672947,0.66473,0.604524,0.458437,0.431769,0.265568,0.266827,0.180096,0,
1308,1985-04,1.43516,1.89635,1.08154,1.90601,0.45259,1.51561,2.36864,1.40829,1.3854,1.09003,1.25546,2.06984,1.92432,1.67847,1.48612,1.40185,1.18809,0.891339,0.781292,0.500249,0.469653,0.337822,0,
1339,1985-05,2.73201,3.31681,2.08321,3.34419,0.803969,2.86363,3.75453,2.20951,2.5737,1.69767,2.17228,3.34344,3.39593,3.1376,2.86214,2.6336,2.19858,1.69093,1.43181,0.961027,0.861777,0.616404,0,
1369,1985-06,3.07099,3.56663,2.28396,3.60772,1.28061,3.30283,4.15618,2.39831,3.13812,2.23159,2.94518,3.61894,3.64575,3.37017,3.1082,3.00402,2.70881,2.26236,1.95144,1.33341,1.15706,0.972917,0,
1400,1985-07,3.99616,4.56734,3.00012,4.62142,1.88616,4.48095,5.25738,3.02615,3.89325,3.39502,4.32004,4.59841,4.69313,4.2585,3.98132,4.01224,3.71512,3.19595,2.8288,1.95097,1.73689,1.49235,0,
1431,1985-08,2.75471,3.17092,2.11716,3.20367,1.15232,3.08122,3.75052,2.08806,2.37845,2.47533,2.88618,3.15354,3.24932,3.02966,2.81529,2.68086,2.42267,2.02077,1.83158,1.23188,1.15732,0.925482,0,
1461,1985-09,1.30971,1.66183,0.991277,1.67286,0.475077,1.43762,1.9517,1.18533,1.09551,1.28337,1.33289,1.75633,1.69561,1.50231,1.35491,1.26401,1.09668,0.85083,0.794851,0.513667,0.516819,0.385172,0,
1492,1985-10,0.747242,0.926704,0.572336,0.933279,0.227873,0.812564,1.17228,0.676607,0.500855,0.882015,0.763793,0.972626,0.940225,0.859494,0.791785,0.70717,0.588921,0.415162,0.423345,0.279482,0.313141,0.185789,0,
1522,1985-11,0.180645,0.220728,0.137991,0.222467,0.048211,0.212978,0.291846,0.168659,0.102256,0.285154,0.223423,0.238779,0.222464,0.200789,0.190009,0.171959,0.1488,0.0993222,0.111104,0.0799742,0.0914164,0.0439561,0,
1553,1985-12,0.181406,0.175437,0.140686,0.17873,0.0475111,0.243654,0.23998,0.124529,0.0557373,0.381932,0.263652,0.174932,0.173971,0.1825,0.189216,0.176511,0.160155,0.0989194,0.125074,0.0986714,0.113224,0.0446335,0,
1584,1986-01,0.276861,0.293569,0.210573,0.297954,0.0877427,0.349451,0.400483,0.208262,0.124676,0.581979,0.416397,0.296542,0.295572,0.289223,0.284973,0.27135,0.245571,0.165263,0.204608,0.156719,0.179745,0.08248,0,
1612,1986-02,0.246562,0.220469,0.199128,0.225011,0.100765,0.351063,0.292178,0.15345,0.160463,0.496187,0.434697,0.21965,0.216922,0.23316,0.245486,0.257201,0.245755,0.19092,0.203977,0.135657,0.149226,0.082928,0,
1643,1986-03,0.984797,1.20978,0.759299,1.21849,0.317746,1.10852,1.60094,0.867713,0.794011,1.05158,1.02496,1.26537,1.22484,1.13872,1.02296,0.947032,0.826814,0.619635,0.588962,0.375696,0.396194,0.260164,0,
1673,1986-04,1.44887,1.75385,1.14408,1.7656,0.458697,1.56046,2.03584,1.18193,1.27965,1.16368,1.34456,1.77905,1.79343,1.64767,1.52171,1.39636,1.19799,0.914692,0.807445,0.518965,0.487171,0.348035,0,
1704,1986-05,2.44922,2.784,1.92968,2.81085,0.80821,2.70479,3.0447,1.84464,2.24578,1.61212,2.06605,2.82132,2.83106,2.65661,2.54533,2.40201,2.11134,1.63223,1.38333,0.928247,0.827797,0.599999,0,
1734,1986-06,3.54338,3.98281,2.78438,4.02386,1.56993,4.05536,4.34498,2.66265,3.36368,2.79893,3.66377,4.05191,4.05483,3.77339,3.57696,3.53456,3.25289,2.77441,2.41036,1.66287,1.4576,1.2528,0,
1765,1986-07,3.32078,3.79149,2.55654,3.83179,1.29662,3.59858,4.31793,2.59386,3.22236,2.37856,3.04348,3.9162,3.84863,3.57136,3.38983,3.26095,2.92512,2.40189,2.07771,1.42046,1.26278,1.01601,0,
1796,1986-08,3.19355,3.71705,2.47505,3.75195,1.50024,3.688,4.36325,2.54262,2.96032,3.00949,3.50101,3.81119,3.80438,3.43453,3.19943,3.18765,2.95861,2.51688,2.3004,1.55592,1.46238,1.20905,0,
1826,1986-09,1.27226,1.58544,0.964577,1.5971,0.484851,1.39432,1.7808,1.14245,1.04861,1.24692,1.29339,1.68466,1.61406,1.43116,1.31258,1.2394,1.07521,0.8369,0.784856,0.50849,0.513698,0.382607,0,
1857,1986-10,0.987523,1.13071,0.762672,1.14239,0.360598,1.13125,1.41799,0.777888,0.638502,1.40282,1.18848,1.14608,1.14843,1.08622,1.03056,0.938571,0.821457,0.622596,0.655894,0.442031,0.500557,0.317663,0,
1887,1986-11,0.264452,0.312184,0.202747,0.315078,0.0810661,0.327048,0.402915,0.236892,0.13047,0.493193,0.367501,0.337018,0.312896,0.289521,0.275472,0.255354,0.224498,0.153241,0.181762,0.135788,0.155873,0.0737229,0,
1918,1986-12,0.201198,0.218102,0.152383,0.221161,0.0554482,0.261657,0.348525,0.160846,0.0743885,0.423562,0.291482,0.233606,0.217264,0.207182,0.20763,0.198071,0.180076,0.110262,0.140877,0.11086,0.126335,0.0507641,0,
1949,1987-01,0.231024,0.263231,0.186228,0.265422,0.0626255,0.292521,0.381124,0.211097,0.0978623,0.429552,0.316814,0.297165,0.256974,0.250347,0.243394,0.223547,0.195852,0.124475,0.14851,0.110166,0.122533,0.055216,0,
1977,1987-02,0.461947,0.538258,0.370813,0.542318,0.145546,0.567856,0.720468,0.435421,0.296848,0.705221,0.581993,0.603977,0.526073,0.517903,0.48229,0.445064,0.391003,0.276369,0.29633,0.200767,0.223046,0.123861,0,
2008,1987-03,0.675744,0.785552,0.524831,0.792887,0.248717,0.866314,1.02473,0.585123,0.566698,0.817589,0.81462,0.853384,0.789358,0.71595,0.682414,0.688602,0.626914,0.471472,0.446917,0.279924,0.291073,0.193108,0,
2038,1987-04,1.79602,2.31083,1.35583,2.32504,0.565494,1.79845,2.76428,1.64306,1.74388,1.38273,1.59156,2.41093,2.36677,2.0989,1.889,1.69911,1.41727,1.07513,0.954911,0.6165,0.579033,0.416573,0,
2069,1987-05,2.63861,3.16215,2.03066,3.1887,0.974141,2.833,3.55091,2.0674,2.47011,1.87003,2.36474,3.15968,3.24625,2.99447,2.73289,2.54141,2.21781,1.78766,1.55058,1.05008,0.941958,0.748765,0,
2099,1987-06,3.39054,3.96218,2.53153,4.00591,1.38011,3.62536,4.47034,2.68463,3.28183,2.41752,3.17195,4.06398,4.04024,3.71754,3.45233,3.33368,2.95654,2.44978,2.10884,1.442,1.25721,1.04768,0,
2130,1987-07,3.24037,3.73338,2.47812,3.7727,1.46745,3.65848,4.3474,2.66618,3.20663,2.54449,3.24625,3.92371,3.80443,3.38973,3.23882,3.26236,3.00552,2.5418,2.23104,1.5304,1.35971,1.13844,0,
2161,1987-08,2.56794,3.03822,1.91336,3.07025,1.08075,2.77317,3.50714,2.10824,2.47786,2.2337,2.61914,3.18802,3.09127,2.79418,2.60313,2.51623,2.24965,1.86623,1.68948,1.13748,1.06434,0.855651,0,
2191,1987-09,2.08166,2.39707,1.58253,2.4231,0.911337,2.43281,2.76677,1.65738,1.7038,2.46131,2.48251,2.45072,2.44625,2.24359,2.10838,2.05451,1.8713,1.53887,1.48936,0.985415,1.02081,0.768419,0,
2222,1987-10,1.02129,1.18684,0.789912,1.19819,0.408363,1.18756,1.47899,0.834282,0.662121,1.56088,1.33885,1.2181,1.20808,1.11574,1.05193,0.97979,0.881504,0.688814,0.728597,0.490135,0.549348,0.362166,0,
2252,1987-11,0.4618,0.550438,0.358836,0.554936,0.148873,0.545681,0.698932,0.401535,0.226484,0.859359,0.627604,0.577235,0.557372,0.51276,0.479618,0.441809,0.392897,0.274311,0.327474,0.247586,0.287849,0.144759,0,
2283,1987-12,0.196147,0.255146,0.1535,0.256187,0.0567777,0.248803,0.348381,0.210428,0.07422,0.423843,0.294555,0.287361,0.255962,0.223567,0.205668,0.184214,0.168387,0.106532,0.137625,0.108159,0.122533,0.0519762,0,
2314,1988-01,0.165713,0.171921,0.128723,0.174483,0.0554737,0.223248,0.238034,0.127248,0.0817689,0.374628,0.288877,0.179409,0.171734,0.166241,0.170354,0.163923,0.151107,0.104112,0.124681,0.0905361,0.0995137,0.0476266,0,
2343,1988-02,0.360235,0.35171,0.289586,0.357355,0.134709,0.482266,0.432369,0.248184,0.227111,0.601993,0.523457,0.37127,0.343739,0.35808,0.367988,0.366152,0.336996,0.251676,0.261857,0.172348,0.190226,0.109301,0,
2374,1988-03,0.774165,1.04331,0.604114,1.04621,0.244598,0.899507,1.32695,0.80083,0.622821,0.802814,0.802201,1.16192,1.06253,0.879097,0.805371,0.76199,0.652809,0.4775,0.446803,0.2798,0.288169,0.191831,0,
2404,1988-04,1.69703,2.17287,1.29854,2.18538,0.534309,1.70624,2.54338,1.5172,1.50784,1.29137,1.49585,2.25289,2.22514,1.98813,1.79234,1.60016,1.33735,1.01917,0.901512,0.580552,0.541205,0.402409,0,
2435,1988-05,2.77865,3.50463,2.04417,3.53326,0.893467,2.81229,4.05246,2.40234,2.84911,1.71366,2.19348,3.60319,3.59775,3.22157,2.88868,2.66574,2.23829,1.71367,1.46421,0.982819,0.881049,0.658073,0,
2465,1988-06,3.86105,4.62718,2.87078,4.67363,1.62623,4.19842,4.96891,3.16991,3.76794,2.79902,3.6594,4.82073,4.71614,4.27996,3.90759,3.77446,3.38969,2.85022,2.46724,1.69533,1.48468,1.23665,0,
2496,1988-07,3.66385,4.24812,2.77235,4.29383,1.59288,4.08338,4.92227,2.93391,3.5924,2.8592,3.63548,4.44392,4.32539,3.89812,3.68316,3.66691,3.33084,2.78599,2.44195,1.66893,1.48097,1.20939,0,
2527,1988-08,3.12865,3.71843,2.30203,3.75904,1.38589,3.5049,4.33347,2.59688,2.94834,2.87976,3.34321,3.90335,3.79767,3.37284,3.13974,3.09802,2.81335,2.34331,2.13335,1.43892,1.35003,1.09384,0,
2557,1988-09,1.90645,2.21201,1.47138,2.23356,0.797547,2.17955,2.62062,1.53014,1.56789,2.12727,2.18289,2.26875,2.25568,2.06679,1.94811,1.86736,1.68338,1.36737,1.307,0.859906,0.880228,0.655302,0,
2588,1988-10,1.06101,1.22449,0.831432,1.23578,0.450097,1.27244,1.50632,0.866838,0.703883,1.67491,1.43619,1.25994,1.24509,1.14919,1.08456,1.0367,0.940624,0.745044,0.788854,0.532177,0.599057,0.405322,0,
2618,1988-11,0.343909,0.433035,0.267072,0.435544,0.101589,0.397451,0.601788,0.323483,0.169474,0.569245,0.423349,0.45709,0.438513,0.401398,0.363638,0.32319,0.2786,0.18763,0.219625,0.162236,0.185955,0.0926101,0,
2649,1988-12,0.18702,0.214713,0.140532,0.217199,0.0584187,0.25463,0.32701,0.166644,0.0690913,0.436544,0.302066,0.232132,0.213222,0.205857,0.189751,0.184416,0.17094,0.109899,0.142493,0.112832,0.128914,0.0535982,0,
2680,1989-01,0.192507,0.208575,0.148311,0.211317,0.0620267,0.246404,0.291484,0.161042,0.0857851,0.397783,0.295612,0.218026,0.209614,0.19832,0.199464,0.188071,0.167413,0.111011,0.1352,0.0999086,0.110689,0.0534444,0,
2708,1989-02,0.183667,0.177096,0.152868,0.179663,0.0793126,0.272287,0.245276,0.137772,0.122506,0.375584,0.341445,0.19048,0.172054,0.179439,0.184598,0.18853,0.183315,0.14085,0.146156,0.0899082,0.0920786,0.0578358,0,
2739,1989-03,0.575496,0.564663,0.443843,0.574996,0.212061,0.767186,0.737597,0.39856,0.513779,0.709808,0.720267,0.590641,0.560159,0.556862,0.574686,0.599047,0.554301,0.426457,0.400958,0.251914,0.259888,0.165413,0,
2769,1989-04,1.30961,1.72996,1.01751,1.73649,0.460224,1.44973,2.09642,1.22487,1.22233,1.11942,1.29782,1.83529,1.76902,1.548,1.35278,1.2592,1.12458,0.879225,0.777314,0.49888,0.465408,0.330851,0,
2800,1989-05,2.1942,2.74119,1.65115,2.76198,0.644553,2.16812,3.15521,1.84572,2.08563,1.31974,1.68458,2.82494,2.80053,2.54609,2.31671,2.08907,1.72196,1.30322,1.09533,0.721117,0.634087,0.469382,0,
2830,1989-06,3.06621,3.53881,2.31201,3.57828,1.08486,3.36662,4.07466,2.40733,2.96037,2.08957,2.77088,3.62866,3.59368,3.36804,3.12811,3.02981,2.6763,2.14536,1.81431,1.24045,1.08438,0.851595,0,
2861,1989-07,3.74296,4.32064,2.79892,4.37056,1.68188,4.14153,5.01868,2.92165,3.60472,3.06907,3.9097,4.40634,4.41519,4.05277,3.74324,3.73499,3.42617,2.91632,2.56382,1.76567,1.57141,1.34397,0,
2892,1989-08,2.78823,3.47861,2.05672,3.50833,1.17252,3.05265,3.9581,2.48275,2.72988,2.41134,2.83075,3.67827,3.56809,3.0816,2.81002,2.76311,2.47057,2.03561,1.84174,1.24707,1.16916,0.941938,0,
2922,1989-09,1.80026,2.11877,1.38166,2.1386,0.734623,2.07463,2.49642,1.49183,1.48034,2.0105,2.0261,2.21885,2.15141,1.95946,1.84021,1.76359,1.59303,1.26595,1.21357,0.791199,0.816795,0.601105,0,
2953,1989-10,0.904804,1.13528,0.691895,1.14284,0.304533,0.984303,1.39974,0.80165,0.603412,1.15785,0.997914,1.17572,1.15923,1.04941,0.95158,0.850302,0.725777,0.539386,0.55877,0.372605,0.420322,0.260582,0,
2983,1989-11,0.341006,0.404508,0.260528,0.408237,0.094557,0.404343,0.54652,0.302926,0.163924,0.571165,0.420967,0.425999,0.406757,0.384327,0.359448,0.320549,0.279471,0.185783,0.217437,0.162025,0.18698,0.0881848,0,
3014,1989-12,0.181437,0.190464,0.140091,0.193251,0.0504329,0.236688,0.256139,0.136316,0.0601368,0.381039,0.263455,0.191898,0.190274,0.192859,0.189621,0.174693,0.158008,0.0985247,0.125396,0.0993541,0.114628,0.0468242,0,
3045,1990-01,0.224682,0.256654,0.17079,0.25954,0.0714311,0.290288,0.32522,0.206017,0.099202,0.473699,0.343984,0.276348,0.256822,0.239478,0.231448,0.22124,0.198815,0.131156,0.161624,0.122769,0.138458,0.0641061,0,
3073,1990-02,0.293327,0.313134,0.229522,0.317218,0.0982929,0.375141,0.407446,0.253681,0.19213,0.457425,0.395861,0.348007,0.307025,0.297936,0.302117,0.295749,0.262943,0.187875,0.195603,0.128698,0.14009,0.0808186,0,
3104,1990-03,0.717834,0.772232,0.569451,0.78142,0.286841,0.986086,1.03683,0.672038,0.587698,0.948063,0.945106,0.906999,0.744299,0.722314,0.716911,0.75006,0.706888,0.540668,0.512843,0.320224,0.331068,0.220035,0,
3134,1990-04,1.43942,1.91322,1.1092,1.92066,0.4867,1.50201,2.24998,1.37896,1.3314,1.18339,1.36125,2.03515,1.9562,1.7048,1.50289,1.37444,1.18676,0.92555,0.820248,0.524809,0.490409,0.352836,0,
3165,1990-05,2.09959,2.64924,1.57858,2.66827,0.629043,2.15097,3.06525,1.84619,2.03757,1.23321,1.57678,2.72661,2.70959,2.46349,2.19689,2.00519,1.68663,1.26124,1.06124,0.702291,0.620861,0.440627,0,
3195,1990-06,3.04265,3.63793,2.2647,3.67467,1.01591,3.3097,4.01445,2.5059,2.98989,1.8485,2.45284,3.71797,3.72093,3.3967,3.11275,3.0034,2.63462,2.06783,1.7303,1.18114,1.03592,0.780742,0,
3226,1990-07,3.47426,4.01587,2.55114,4.06554,1.48917,3.81522,4.59575,2.78178,3.41063,2.64632,3.38456,4.18827,4.07268,3.76684,3.49819,3.42774,3.09892,2.59959,2.27453,1.56055,1.38827,1.1459,0,
3257,1990-08,3.10412,3.6813,2.28858,3.72153,1.31055,3.39313,4.18374,2.55359,2.95018,2.64322,3.08626,3.83258,3.74842,3.41714,3.14154,3.04246,2.7095,2.24288,2.02926,1.36971,1.27895,1.03728,0,
3287,1990-09,2.2612,2.67599,1.67858,2.70465,0.922211,2.47625,3.14331,1.84221,1.85789,2.49149,2.51415,2.73238,2.734,2.51325,2.31149,2.17621,1.94673,1.57209,1.50901,0.992695,1.02145,0.781907,0,
3318,1990-10,0.823078,1.08783,0.617886,1.09354,0.258932,0.892777,1.3468,0.810006,0.568525,1.0138,0.879398,1.16547,1.10998,0.96751,0.863473,0.776728,0.655194,0.4776,0.488201,0.32403,0.362597,0.222714,0,
3348,1990-11,0.356083,0.45668,0.260959,0.460146,0.102806,0.382375,0.649182,0.354191,0.186,0.60899,0.45076,0.492764,0.461506,0.416261,0.376321,0.331122,0.275189,0.183771,0.217722,0.161061,0.182516,0.0945356,0,
3379,1990-12,0.123349,0.144036,0.0908604,0.145724,0.0343476,0.149565,0.231242,0.113918,0.0498504,0.247647,0.175003,0.160999,0.142869,0.132424,0.128256,0.118262,0.104224,0.0642567,0.082242,0.0641579,0.073159,0.0308365,0,
3410,1991-01,0.138334,0.13958,0.106196,0.141959,0.0386416,0.18052,0.200401,0.0975519,0.0561259,0.27249,0.209688,0.134716,0.139729,0.14688,0.144591,0.135501,0.117687,0.0767798,0.0920553,0.066788,0.0729675,0.0329303,0,
3438,1991-02,0.494681,0.537046,0.372691,0.544688,0.164017,0.631502,0.783532,0.406104,0.306317,0.775014,0.634713,0.577508,0.533193,0.514834,0.503232,0.500913,0.445582,0.318346,0.338403,0.231556,0.262022,0.145159,0,
3469,1991-03,0.693911,0.841738,0.522244,0.849236,0.240566,0.843017,1.13007,0.675656,0.595316,0.780605,0.789685,0.969547,0.834213,0.744196,0.710385,0.692219,0.614055,0.459503,0.430646,0.266505,0.269434,0.182508,0,
3499,1991-04,1.37768,1.79024,1.06273,1.79878,0.449608,1.44658,2.14906,1.20853,1.18659,1.10137,1.27097,1.81538,1.84366,1.65691,1.44339,1.29569,1.11637,0.869345,0.769701,0.495169,0.464223,0.333955,0,
3530,1991-05,2.14756,2.58197,1.6594,2.60277,0.629058,2.28184,2.85895,1.79315,2.04047,1.22862,1.57932,2.67269,2.62304,2.42093,2.259,2.08877,1.74239,1.27843,1.06561,0.698202,0.610572,0.429452,0,
3560,1991-06,2.75824,3.31581,2.01549,3.35128,0.935483,2.92954,3.64058,2.3263,2.85189,1.77613,2.35783,3.4304,3.39423,3.04331,2.81422,2.71729,2.36159,1.87184,1.57349,1.07306,0.934538,0.716064,0,
3591,1991-07,3.31949,3.77468,2.53037,3.81742,1.39502,3.71666,4.32353,2.55226,3.36407,2.53156,3.23676,3.9398,3.84553,3.45461,3.33384,3.36411,3.04652,2.50674,2.17695,1.48559,1.3142,1.07226,0,
3622,1991-08,3.16463,3.76036,2.38091,3.79752,1.35291,3.42073,4.3252,2.62791,3.03495,2.78823,3.23819,3.96488,3.83355,3.40794,3.19376,3.13792,2.82225,2.31047,2.09599,1.41543,1.33375,1.07489,0,
3652,1991-09,1.97874,2.34837,1.50325,2.37061,0.802457,2.23605,2.79218,1.60832,1.59603,2.18566,2.21745,2.36077,2.40922,2.21353,2.0169,1.92566,1.735,1.39831,1.33582,0.879502,0.907659,0.656171,0,
3683,1991-10,0.953952,1.10318,0.750873,1.11299,0.355534,1.1284,1.32197,0.782687,0.631156,1.31865,1.15408,1.13674,1.12009,1.03781,0.987829,0.927748,0.819252,0.624957,0.645288,0.430075,0.4846,0.312175,0,
3713,1991-11,0.282034,0.305775,0.221861,0.309439,0.0855044,0.364229,0.435659,0.238517,0.134417,0.526796,0.393315,0.324178,0.304144,0.295951,0.291124,0.279367,0.248447,0.166208,0.196252,0.145729,0.165095,0.0790814,0,
3744,1991-12,0.22037,0.247702,0.172484,0.250307,0.0684638,0.280064,0.369441,0.200926,0.0796844,0.507565,0.344776,0.27481,0.243419,0.236689,0.227654,0.211761,0.194301,0.125668,0.164789,0.132034,0.151934,0.0645887,0,
3775,1992-01,0.282946,0.34145,0.219481,0.34408,0.0800572,0.347123,0.48756,0.281273,0.125249,0.535533,0.385424,0.381906,0.338504,0.314423,0.294856,0.274516,0.238254,0.153796,0.186603,0.142119,0.162286,0.0739716,0,
3804,1992-02,0.524586,0.607578,0.406463,0.613428,0.177364,0.651974,0.808487,0.470145,0.342494,0.822737,0.679606,0.66794,0.604005,0.56735,0.540746,0.50595,0.455315,0.334342,0.358439,0.243494,0.273706,0.154616,0,
3835,1992-03,1.05609,1.30372,0.82045,1.31237,0.374851,1.17757,1.62404,0.924721,0.821626,1.19968,1.18458,1.34798,1.3291,1.21371,1.09977,1.00432,0.886971,0.691248,0.66595,0.422684,0.438399,0.298031,0,
3865,1992-04,1.75471,2.09335,1.36021,2.11062,0.554924,1.88785,2.51157,1.39407,1.49786,1.284,1.4865,2.09217,2.14455,1.98997,1.84471,1.69287,1.42857,1.06961,0.941189,0.606874,0.568056,0.421613,0,
3896,1992-05,2.72371,3.27784,2.08934,3.30525,1.04261,2.96757,3.70602,2.23142,2.55801,1.97806,2.50822,3.38589,3.34829,3.02844,2.80131,2.64961,2.35214,1.90429,1.64906,1.11584,0.996763,0.802152,0,
3926,1992-06,3.27905,3.72217,2.51067,3.76379,1.54731,3.60775,4.23719,2.45419,3.22726,2.53615,3.32241,3.75931,3.8026,3.53329,3.29279,3.24009,2.97385,2.57177,2.25261,1.55409,1.35532,1.1726,0,
3957,1992-07,2.76819,3.12191,2.1103,3.1585,1.26308,3.18302,3.48507,2.09943,2.75008,2.18176,2.78531,3.2033,3.1776,2.93895,2.76422,2.78621,2.56574,2.15828,1.88761,1.28979,1.14341,0.949678,0,
3988,1992-08,2.77509,3.22962,2.09504,3.26416,1.2701,3.06428,3.72634,2.28872,2.59127,2.63732,3.09299,3.39279,3.27485,2.99901,2.78294,2.74464,2.52994,2.14993,1.9575,1.3224,1.23412,1.01506,0,
4018,1992-09,1.73703,2.11064,1.30004,2.12983,0.631027,1.91833,2.50317,1.50943,1.44374,1.77203,1.80215,2.21615,2.14832,1.93387,1.7924,1.6841,1.48172,1.15589,1.09107,0.712986,0.736307,0.518992,0,
4049,1992-10,0.953195,1.15312,0.709401,1.16414,0.372431,1.08524,1.42448,0.839174,0.693345,1.37811,1.18232,1.21544,1.17061,1.06234,0.977502,0.922837,0.82049,0.627579,0.655975,0.441072,0.497769,0.320372,0,
4079,1992-11,0.306353,0.362526,0.243454,0.365199,0.0913332,0.391419,0.513528,0.281297,0.145503,0.550428,0.408757,0.393052,0.364012,0.33141,0.318733,0.298754,0.266494,0.177857,0.207611,0.153282,0.174268,0.0837844,0,
4110,1992-12,0.131466,0.158239,0.104911,0.159254,0.0416073,0.176512,0.234829,0.132688,0.0484719,0.323439,0.232026,0.184058,0.155985,0.139789,0.135622,0.128641,0.119489,0.0758461,0.0972354,0.073985,0.0809108,0.0353337,0,
4141,1993-01,0.130482,0.122464,0.107382,0.124503,0.0493759,0.190969,0.18678,0.0825973,0.0584755,0.329073,0.252532,0.11786,0.122803,0.127418,0.131846,0.129877,0.126883,0.0926422,0.112037,0.0820127,0.0900504,0.0443749,0,
4169,1993-02,0.211518,0.210151,0.170127,0.213324,0.0868423,0.296039,0.348198,0.130577,0.124633,0.450794,0.376451,0.194065,0.21516,0.215168,0.212339,0.214329,0.203762,0.153727,0.171875,0.11922,0.131286,0.0729991,0,
4200,1993-03,0.756618,0.972512,0.57166,0.978501,0.274811,0.930396,1.28548,0.739198,0.669481,0.90628,0.907483,1.05676,0.988916,0.85613,0.764543,0.764602,0.687146,0.519105,0.4919,0.307294,0.316308,0.216044,0,
4230,1993-04,1.51256,1.9667,1.13273,1.9786,0.430182,1.53738,2.38245,1.36369,1.39884,1.1133,1.27974,2.05108,2.01325,1.79649,1.58771,1.41945,1.20104,0.902118,0.789565,0.509244,0.478954,0.333671,0,
4261,1993-05,2.66098,3.12239,2.03,3.15297,0.909561,2.84784,3.52101,2.10202,2.47427,1.77567,2.2554,3.19779,3.18188,2.93107,2.75127,2.6239,2.25964,1.77609,1.52163,1.02534,0.91457,0.726096,0,
4291,1993-06,2.73458,3.23025,2.06645,3.26237,1.13829,2.97931,3.58069,2.20315,2.58081,1.93119,2.5489,3.31483,3.30297,3.00086,2.77519,2.69393,2.417,2.01509,1.72914,1.17816,1.01989,0.837317,0,
4322,1993-07,2.56809,3.02163,1.9015,3.05519,1.00911,2.78852,3.41138,2.07156,2.49873,1.81433,2.3273,3.1049,3.08378,2.82895,2.59448,2.54062,2.26641,1.83104,1.57618,1.06769,0.942737,0.747439,0,
4353,1993-08,2.63179,3.09549,1.95396,3.12953,1.09861,2.89049,3.58351,2.11632,2.40582,2.24162,2.62965,3.15539,3.17117,2.8845,2.65853,2.5915,2.33698,1.91313,1.71865,1.15413,1.07369,0.860128,0,
4383,1993-09,1.67942,1.98239,1.29616,2.00013,0.665919,1.91661,2.21538,1.40458,1.31257,1.81473,1.85399,2.06569,2.01671,1.83168,1.72027,1.65074,1.4667,1.18109,1.12537,0.738889,0.759219,0.552673,0,
4414,1993-10,0.921689,1.13629,0.708238,1.14448,0.321151,1.04186,1.38262,0.800127,0.611666,1.21971,1.05627,1.16951,1.16207,1.05079,0.95827,0.881888,0.768496,0.585684,0.607172,0.407768,0.459574,0.284226,0,
4444,1993-11,0.28674,0.373942,0.215608,0.376092,0.076124,0.324382,0.527138,0.279765,0.137208,0.44916,0.343426,0.395465,0.381573,0.337571,0.305017,0.265303,0.224683,0.147558,0.169118,0.122155,0.137329,0.0658374,0,
4475,1993-12,0.221942,0.266345,0.16989,0.268634,0.0605662,0.26677,0.414529,0.194909,0.0765388,0.44643,0.306112,0.269291,0.271452,0.25437,0.234797,0.205682,0.181837,0.113044,0.145012,0.114955,0.131563,0.0560361,0,
4506,1994-01,0.226736,0.178454,0.190307,0.182985,0.0786089,0.341777,0.283378,0.114229,0.0904503,0.516541,0.371352,0.164527,0.175345,0.200566,0.229715,0.237852,0.224803,0.151606,0.185746,0.141632,0.162997,0.0740242,0,
4534,1994-02,0.208174,0.19394,0.165108,0.197715,0.0815476,0.295565,0.343688,0.128309,0.114059,0.377885,0.339187,0.190904,0.192642,0.202653,0.210138,0.2135,0.201643,0.153435,0.159634,0.101875,0.107487,0.0613145,0,
4565,1994-03,0.928112,1.15621,0.720118,1.16349,0.284185,1.00295,1.48066,0.829554,0.689008,0.939151,0.936866,1.20145,1.17755,1.07303,0.982604,0.868168,0.747051,0.551716,0.51788,0.323982,0.333955,0.218684,0,
4595,1994-04,1.56809,2.04666,1.18215,2.05812,0.491812,1.58572,2.40919,1.43538,1.42363,1.1586,1.3377,2.13609,2.09541,1.8631,1.64665,1.49008,1.24202,0.945848,0.83648,0.536781,0.50459,0.35357,0,
4626,1994-05,2.53738,3.07379,1.93126,3.09973,0.894123,2.66065,3.60558,2.10944,2.48036,1.72065,2.18143,3.18643,3.14094,2.82429,2.61838,2.48926,2.11673,1.69032,1.45968,0.987156,0.883096,0.679366,0,
4656,1994-06,3.08683,3.56677,2.28963,3.60921,1.26241,3.35274,4.00783,2.4422,3.09289,2.23134,2.94035,3.69726,3.62784,3.33391,3.10047,3.08757,2.76425,2.30405,1.97802,1.35857,1.18732,0.969316,0,
4687,1994-07,3.54508,4.19776,2.59002,4.24573,1.56908,3.71733,4.95422,2.8536,3.5747,2.69819,3.43534,4.32271,4.3062,3.85028,3.5395,3.52483,3.19237,2.68499,2.3538,1.61739,1.44207,1.21077,0,
4718,1994-08,3.22342,3.80617,2.37342,3.84881,1.44806,3.4757,4.47065,2.59802,3.09164,2.91897,3.41002,3.93634,3.89517,3.50351,3.22401,3.16787,2.91016,2.43081,2.20753,1.48676,1.38761,1.13486,0,
4748,1994-09,2.19174,2.56429,1.67084,2.58984,0.843637,2.42278,2.95542,1.76831,1.77264,2.44538,2.44619,2.62647,2.61949,2.39171,2.2411,2.13337,1.91368,1.51602,1.45239,0.957746,0.994984,0.732139,0,
4779,1994-10,0.830105,1.07121,0.620029,1.07816,0.288465,0.92721,1.34277,0.777425,0.593141,1.07099,0.930293,1.12272,1.09766,0.965075,0.862493,0.792492,0.686008,0.504689,0.519084,0.342917,0.383574,0.244446,0,
4809,1994-11,0.293233,0.41149,0.219268,0.412707,0.0759675,0.326831,0.563006,0.313205,0.156061,0.462431,0.35084,0.449327,0.419975,0.356868,0.311132,0.272137,0.228601,0.147361,0.16947,0.122794,0.136925,0.0667467,0,
4840,1994-12,0.201769,0.230002,0.157186,0.232324,0.0600456,0.235165,0.362916,0.171855,0.0714199,0.430441,0.294986,0.236392,0.230898,0.22601,0.212869,0.187474,0.166047,0.105416,0.138493,0.110381,0.126428,0.0554484,0,
4871,1995-01,0.236332,0.21611,0.194621,0.220003,0.0759179,0.329329,0.320061,0.146636,0.0940741,0.513115,0.376916,0.21005,0.211048,0.240609,0.246256,0.227223,0.217423,0.148653,0.179654,0.132523,0.149182,0.0663548,0,
4899,1995-02,0.463534,0.586186,0.356752,0.589717,0.136534,0.508057,0.773238,0.432872,0.291832,0.621281,0.514683,0.617827,0.595093,0.540435,0.492727,0.431441,0.364503,0.255486,0.270532,0.183914,0.207667,0.118517,0,
4930,1995-03,0.763,0.908356,0.612432,0.914353,0.239965,0.842126,1.08697,0.628367,0.573118,0.757129,0.780578,0.933089,0.922056,0.859471,0.809794,0.727901,0.616333,0.457229,0.428122,0.268517,0.275645,0.185796,0,
4960,1995-04,1.36595,1.57391,1.09658,1.58656,0.459074,1.55227,1.89026,1.05534,1.15248,1.12324,1.29952,1.58134,1.60285,1.51169,1.42642,1.32361,1.16947,0.902189,0.797593,0.51369,0.480973,0.3461,0,
4991,1995-05,2.26947,2.7743,1.76546,2.7937,0.808037,2.45543,3.14099,1.93037,2.12803,1.65142,2.11667,2.87663,2.84033,2.5291,2.33243,2.23342,1.96495,1.57066,1.34569,0.905502,0.800937,0.614735,0,
5021,1995-06,3.05021,3.71509,2.277,3.7489,1.17205,3.32945,3.85421,2.57103,2.95396,2.14692,2.82929,3.85315,3.81615,3.35279,3.09729,3.00692,2.6851,2.18916,1.87145,1.27849,1.11436,0.880864,0,
5052,1995-07,3.22329,3.84986,2.41516,3.88772,1.36577,3.52319,4.07257,2.687,3.07662,2.44428,3.12372,4.01349,3.9438,3.48267,3.24046,3.21158,2.88919,2.42168,2.10681,1.44558,1.28069,1.04717,0,
5083,1995-08,2.79651,3.48456,2.04976,3.51551,1.14622,3.04585,3.80933,2.50155,2.64461,2.4178,2.81976,3.70567,3.57498,3.05876,2.82641,2.75062,2.46443,2.03035,1.83173,1.23128,1.1554,0.907592,0,
5113,1995-09,1.90178,2.25152,1.44697,2.27293,0.822719,2.21747,2.62038,1.5199,1.52163,2.21486,2.25476,2.28835,2.31099,2.08438,1.9278,1.86971,1.70495,1.40141,1.34751,0.893452,0.919748,0.690781,0,
5144,1995-10,0.811464,1.04971,0.599685,1.0569,0.217411,0.878096,1.25317,0.765064,0.569266,0.882736,0.764529,1.10331,1.07255,0.951701,0.858514,0.764505,0.633892,0.439106,0.439282,0.29115,0.327678,0.191071,0,
5174,1995-11,0.31706,0.383926,0.256516,0.386027,0.09512,0.389438,0.520563,0.295917,0.152035,0.595884,0.439005,0.415744,0.384491,0.355105,0.333946,0.303174,0.270829,0.181129,0.215724,0.160803,0.184516,0.0878568,0,
5205,1995-12,0.156649,0.14455,0.127829,0.147171,0.053635,0.230845,0.22951,0.113393,0.0593128,0.409732,0.282288,0.156057,0.140861,0.142928,0.157052,0.163083,0.157561,0.102247,0.133707,0.106169,0.120928,0.0501225,0,
5236,1996-01,0.119743,0.121537,0.094081,0.123407,0.0443082,0.161281,0.155289,0.0927836,0.051416,0.314656,0.231127,0.1288,0.120542,0.117493,0.121594,0.120084,0.114983,0.0794345,0.101526,0.0786017,0.0892457,0.0398869,0,
5265,1996-02,0.37314,0.388011,0.306993,0.392453,0.115875,0.434468,0.516284,0.271271,0.213918,0.561523,0.464276,0.399694,0.382802,0.397553,0.398648,0.349678,0.304454,0.219663,0.235026,0.159585,0.179544,0.10066,0,
5296,1996-03,0.531274,0.572342,0.439799,0.577729,0.182759,0.627759,0.745795,0.40261,0.410302,0.611781,0.634547,0.572569,0.576861,0.566768,0.559452,0.515717,0.455883,0.348049,0.326654,0.202103,0.205302,0.139166,0,
5326,1996-04,1.55412,1.8848,1.20188,1.89917,0.455038,1.63801,2.28271,1.2778,1.36823,1.13016,1.30407,1.90866,1.92074,1.80128,1.63979,1.48129,1.24783,0.934732,0.815908,0.524963,0.493785,0.345911,0,
5357,1996-05,1.87174,2.2928,1.47169,2.30744,0.517404,2.05575,2.59642,1.56462,1.73567,1.10325,1.42598,2.37036,2.33874,2.12215,1.96015,1.83164,1.56778,1.16839,0.963032,0.630765,0.548045,0.370363,0,
5387,1996-06,3.12043,3.69759,2.36716,3.73313,1.13247,3.51635,4.18792,2.50726,3.09631,2.18229,2.88029,3.79812,3.78851,3.40069,3.15843,3.13258,2.78686,2.24587,1.90404,1.30811,1.15166,0.916539,0,
5418,1996-07,3.57551,4.14605,2.74853,4.1874,1.6583,4.12107,4.58266,2.89091,3.3635,2.96114,3.77562,4.2894,4.24816,3.76977,3.53989,3.63695,3.41551,2.91703,2.55617,1.75529,1.5597,1.28734,0,
5449,1996-08,3.27034,3.96959,2.43949,4.00648,1.2549,3.49852,4.47839,2.77397,3.05826,2.77524,3.20987,4.14476,4.05902,3.61155,3.33387,3.2049,2.8258,2.28191,2.05346,1.38522,1.3104,1.02179,0,
5479,1996-09,1.68667,2.0859,1.24791,2.10428,0.605958,1.81756,2.43638,1.45348,1.39421,1.63949,1.67053,2.17606,2.13355,1.90014,1.73804,1.63143,1.41061,1.09727,1.03407,0.676369,0.695976,0.50929,0,
5510,1996-10,0.891449,1.10634,0.662667,1.11567,0.305543,1.00741,1.3514,0.769924,0.608151,1.16587,1.01349,1.1528,1.13081,1.01111,0.92201,0.861532,0.741349,0.549459,0.563926,0.372883,0.416041,0.268451,0,
5540,1996-11,0.243016,0.273671,0.191301,0.276441,0.091842,0.314027,0.393278,0.188204,0.119727,0.544165,0.416382,0.279111,0.277385,0.262105,0.249121,0.23435,0.215611,0.160759,0.193493,0.142236,0.160938,0.0803024,0,
5571,1996-12,0.136087,0.142232,0.109193,0.144034,0.0371786,0.164989,0.216111,0.0919838,0.0451437,0.273985,0.195943,0.135844,0.143673,0.146889,0.146198,0.127296,0.109841,0.0682485,0.0875797,0.0678158,0.076495,0.0328962,0,
5602,1997-01,0.171962,0.168001,0.148535,0.169915,0.0550527,0.225697,0.243672,0.1127,0.0623736,0.385222,0.279325,0.16388,0.166324,0.179154,0.182152,0.163474,0.149276,0.103962,0.12962,0.098577,0.111723,0.0510503,0,
5630,1997-02,0.466893,0.562896,0.369874,0.566674,0.125683,0.537716,0.754398,0.367822,0.252807,0.612615,0.513251,0.558707,0.573307,0.550703,0.501506,0.428149,0.368121,0.25797,0.268505,0.180114,0.200867,0.106383,0,
5661,1997-03,0.800171,0.969269,0.608283,0.977508,0.22804,0.873985,1.16836,0.693269,0.628299,0.732346,0.740905,1.01247,0.983484,0.902657,0.848067,0.759775,0.63288,0.459119,0.426836,0.268657,0.277019,0.178063,0,
5691,1997-04,1.33682,1.71365,1.042,1.72199,0.383814,1.46568,2.05302,1.19183,1.11099,0.996833,1.18326,1.76852,1.76096,1.55453,1.40557,1.27542,1.09523,0.831149,0.71994,0.465384,0.435465,0.282282,0,
5722,1997-05,2.4926,2.94439,1.89773,2.97261,0.938386,2.70961,3.37798,2.00391,2.31222,1.91672,2.4242,3.0087,3.01181,2.74589,2.54589,2.4277,2.18206,1.79149,1.55193,1.05173,0.939934,0.745221,0,
5752,1997-06,3.00419,3.69012,2.219,3.72405,1.2095,3.25086,3.92713,2.49398,3.03918,2.07668,2.72815,3.8278,3.78006,3.37328,3.03064,2.97867,2.66882,2.19308,1.87725,1.284,1.11822,0.913642,0,
5783,1997-07,3.15454,3.83939,2.40212,3.8709,1.32415,3.45722,4.10817,2.58379,3.0272,2.36119,3.01537,3.88388,3.959,3.53072,3.18574,3.12657,2.82385,2.3442,2.03714,1.38933,1.22556,1.01439,0,
5814,1997-08,3.12281,3.7,2.34754,3.7372,1.33694,3.47606,4.10003,2.52023,2.85202,2.83901,3.30636,3.79363,3.79457,3.40473,3.14676,3.08397,2.80595,2.34805,2.135,1.44901,1.36169,1.09579,0,
5844,1997-09,2.07094,2.51743,1.5543,2.53994,0.838819,2.2965,2.97705,1.73274,1.69964,2.26978,2.30192,2.58437,2.58188,2.31685,2.11322,2.01057,1.79802,1.44487,1.38436,0.908449,0.935491,0.69515,0,
5875,1997-10,0.889041,1.15836,0.660617,1.16566,0.286058,0.993649,1.41474,0.818061,0.606526,1.10673,0.95592,1.21369,1.18902,1.03709,0.926875,0.849202,0.72377,0.531549,0.544473,0.364213,0.412332,0.249046,0,
5905,1997-11,0.374672,0.452874,0.294019,0.456074,0.116487,0.449668,0.605406,0.324725,0.16479,0.699231,0.516657,0.464687,0.460862,0.426333,0.393809,0.352688,0.312171,0.216641,0.25623,0.190797,0.218282,0.104429,0,
5936,1997-12,0.23313,0.288938,0.178423,0.291006,0.0618967,0.274021,0.385181,0.211247,0.0708138,0.470183,0.32285,0.297719,0.294294,0.270511,0.249542,0.209358,0.185135,0.118241,0.152772,0.121439,0.139215,0.0579171,0,
5967,1998-01,0.218563,0.223098,0.172918,0.226375,0.0646628,0.273881,0.32152,0.154586,0.0890795,0.42702,0.30862,0.22289,0.22201,0.230562,0.22857,0.209307,0.187472,0.126956,0.154994,0.118017,0.135329,0.0617207,0,
5995,1998-02,0.521455,0.66305,0.403572,0.66672,0.148543,0.608355,0.857801,0.46015,0.317143,0.714656,0.586005,0.679324,0.677751,0.619297,0.55221,0.486921,0.418548,0.293241,0.312144,0.212874,0.239938,0.128669,0,
6026,1998-03,0.744573,0.865765,0.60019,0.872187,0.247569,0.927851,1.09172,0.595781,0.54936,0.806539,0.81513,0.880963,0.878387,0.828966,0.776285,0.727052,0.646648,0.48789,0.456618,0.286777,0.294707,0.192895,0,
6056,1998-04,1.73556,2.20659,1.31623,2.22085,0.619301,1.934,2.5808,1.52248,1.49865,1.4656,1.689,2.26417,2.27139,2.00827,1.79072,1.6795,1.47886,1.16472,1.04094,0.683777,0.648278,0.488689,0,
6087,1998-05,2.79178,3.31956,2.12387,3.35048,1.18822,3.14331,3.67497,2.24956,2.54081,2.30469,2.88116,3.37334,3.40645,3.08627,2.81949,2.74653,2.49945,2.1019,1.85132,1.25699,1.12888,0.928744,0,
6117,1998-06,2.66934,3.16324,2.04364,3.19222,1.06988,2.98811,3.40794,2.12347,2.56001,1.90761,2.51791,3.21437,3.24839,2.92736,2.69594,2.65755,2.4192,1.99435,1.70317,1.16125,1.00837,0.804408,0,
6148,1998-07,3.52634,4.12351,2.65944,4.16689,1.60961,3.96963,4.60527,2.74681,3.3748,2.78756,3.54425,4.22236,4.21462,3.84939,3.5335,3.50095,3.22749,2.72664,2.39497,1.6384,1.45211,1.25211,0,
6179,1998-08,3.39891,3.90179,2.64979,3.93976,1.51014,3.897,4.47767,2.5921,2.94444,3.19162,3.69863,3.96446,3.99666,3.62823,3.42177,3.38299,3.13608,2.65048,2.41485,1.63742,1.54538,1.24057,0,
6209,1998-09,2.3072,2.71441,1.7647,2.74032,0.9825,2.65445,3.09985,1.85357,1.84865,2.60941,2.64575,2.79431,2.7779,2.49745,2.33554,2.27174,2.08008,1.69706,1.63,1.08009,1.11262,0.837672,0,
6240,1998-10,0.966899,1.13945,0.73881,1.1503,0.332937,1.1464,1.39203,0.800552,0.643776,1.32023,1.12595,1.15942,1.16301,1.07359,0.997655,0.937007,0.830196,0.621765,0.646707,0.435511,0.494883,0.296115,0,
6270,1998-11,0.350629,0.434732,0.266353,0.437987,0.101677,0.404799,0.568745,0.311371,0.162095,0.578639,0.425469,0.442599,0.444462,0.408413,0.370777,0.326222,0.278783,0.187397,0.221146,0.165918,0.191624,0.0943828,0,
6301,1998-12,0.184794,0.243012,0.135895,0.244554,0.0497735,0.211754,0.330663,0.193574,0.0668167,0.36024,0.245802,0.261302,0.246882,0.218496,0.195162,0.169687,0.147513,0.0921727,0.119554,0.0954514,0.110393,0.0474866,0,
6332,1999-01,0.213448,0.210186,0.168117,0.213727,0.0653002,0.281926,0.296972,0.157291,0.0932564,0.445541,0.322295,0.211439,0.208987,0.214985,0.220719,0.210408,0.190113,0.126054,0.154217,0.117442,0.133052,0.0602696,0,
6360,1999-02,0.44162,0.504839,0.347671,0.509595,0.122838,0.505236,0.736064,0.366489,0.270119,0.575524,0.485354,0.525191,0.50473,0.495148,0.468516,0.42088,0.3538,0.24186,0.250394,0.166688,0.184679,0.102141,0,
6391,1999-03,0.946792,1.13914,0.716186,1.14945,0.273196,0.998597,1.54357,0.861137,0.784054,0.897134,0.892932,1.24229,1.13935,1.0565,1.00024,0.892354,0.749761,0.544173,0.50888,0.318873,0.328265,0.212423,0,
6421,1999-04,1.45933,1.89151,1.11689,1.9014,0.47705,1.51437,2.26179,1.30635,1.3185,1.16418,1.36826,1.92284,1.9495,1.73643,1.53355,1.3867,1.16755,0.894761,0.790442,0.503465,0.461659,0.35093,0,
6452,1999-05,2.19399,2.6622,1.68347,2.68344,0.677671,2.39766,2.99699,1.79364,2.06576,1.40177,1.80878,2.71455,2.72759,2.47412,2.27561,2.14999,1.84554,1.39998,1.17758,0.780168,0.688629,0.487504,0,
6482,1999-06,2.77117,3.32003,2.06714,3.3529,1.03398,3.04169,3.71669,2.22461,2.70657,1.88977,2.49825,3.4241,3.39818,3.05836,2.80367,2.75177,2.46503,2.00094,1.69078,1.15599,1.00787,0.783409,0,
6513,1999-07,3.2604,3.95282,2.42796,3.99008,1.39843,3.61514,4.35662,2.72221,3.34992,2.49685,3.19688,4.136,4.05507,3.54292,3.2598,3.27916,2.97397,2.47024,2.15093,1.46394,1.28745,1.05936,0,
6544,1999-08,3.00832,3.61786,2.24005,3.65334,1.28591,3.37711,4.12548,2.44121,2.85422,2.62467,3.04314,3.72536,3.71494,3.30233,3.03169,2.96458,2.69249,2.21725,2.01001,1.35671,1.28042,1.05027,0,
6574,1999-09,1.76083,2.08211,1.36474,2.10014,0.737385,2.03906,2.33848,1.38888,1.37197,2.07123,2.10217,2.09384,2.13879,1.94681,1.79267,1.72705,1.56764,1.28332,1.23252,0.810119,0.833618,0.62378,0,
6605,1999-10,0.884002,1.10773,0.669333,1.11567,0.303574,0.98968,1.28534,0.772907,0.590324,1.16292,0.992294,1.14625,1.13416,1.0137,0.92595,0.839903,0.718553,0.53343,0.555145,0.374236,0.424295,0.261421,0,
6635,1999-11,0.488846,0.633555,0.363479,0.637674,0.149194,0.56217,0.788813,0.4703,0.254311,0.842082,0.610671,0.67529,0.646492,0.566133,0.510924,0.460654,0.395651,0.270007,0.322757,0.244415,0.285741,0.143652,0,
6666,1999-12,0.265366,0.327838,0.203997,0.330163,0.0678112,0.301996,0.441535,0.25702,0.0860314,0.515725,0.349268,0.350632,0.328811,0.308771,0.285295,0.238289,0.206871,0.130422,0.169093,0.1359,0.157718,0.0657886,0,
6697,2000-01,0.189877,0.185336,0.152779,0.188303,0.0607411,0.261041,0.283064,0.14738,0.0819721,0.417384,0.309715,0.20088,0.178987,0.189168,0.19558,0.192239,0.176426,0.117831,0.142544,0.104835,0.113986,0.0530221,0,
6726,2000-02,0.363048,0.377831,0.29093,0.382727,0.130004,0.509582,0.531896,0.313315,0.23727,0.615543,0.525363,0.42437,0.36807,0.362189,0.364046,0.37917,0.347851,0.249717,0.261498,0.171194,0.186407,0.10426,0,
6757,2000-03,0.858274,1.14236,0.651747,1.14746,0.26363,0.955652,1.42018,0.84219,0.696004,0.851325,0.849902,1.23641,1.16385,1.00665,0.895183,0.826913,0.707702,0.521008,0.487778,0.306367,0.315752,0.208914,0,
6787,2000-04,1.65661,2.06691,1.27196,2.08079,0.522934,1.82233,2.45634,1.43868,1.44151,1.28837,1.49804,2.15724,2.11504,1.87217,1.72536,1.61909,1.37336,1.03962,0.916859,0.593327,0.557262,0.393564,0,
6818,2000-05,2.52886,3.0473,1.92852,3.07347,0.874179,2.76893,3.60638,1.94926,2.37304,1.77386,2.25604,3.06576,3.14131,2.82049,2.59624,2.4735,2.16202,1.7224,1.47329,0.99602,0.891228,0.682518,0,
6848,2000-06,2.90345,3.29663,2.25284,3.33122,1.27323,3.32839,3.81883,2.22501,2.83723,2.2769,2.99828,3.34806,3.38076,3.05804,2.89469,2.92752,2.71786,2.30564,1.98787,1.36405,1.1866,0.979303,0,
6879,2000-07,3.82107,4.28951,2.87013,4.34397,1.71073,4.26579,5.03056,2.94375,3.7287,3.0547,3.88463,4.39289,4.37696,4.01485,3.80892,3.81021,3.54583,3.02018,2.65815,1.8284,1.63148,1.36893,0,
6910,2000-08,3.32857,3.86595,2.478,3.9103,1.47242,3.67388,4.46892,2.65352,3.11913,2.96763,3.46246,3.97924,3.95482,3.57094,3.34048,3.29387,3.00984,2.5179,2.28505,1.54211,1.44683,1.16145,0,
6940,2000-09,1.80441,2.20016,1.33119,2.22126,0.687661,2.00454,2.57623,1.52013,1.46579,1.80816,1.83131,2.25857,2.25811,2.02145,1.85061,1.74042,1.53595,1.20824,1.14681,0.747499,0.769906,0.566584,0,
6971,2000-10,0.89247,1.13694,0.678111,1.1441,0.328032,1.02997,1.34981,0.802807,0.570718,1.2561,1.07361,1.17329,1.17052,1.02642,0.92348,0.850073,0.745166,0.565398,0.593305,0.401644,0.451515,0.296988,0,
7001,2000-11,0.269199,0.296783,0.21538,0.299826,0.078122,0.33992,0.415947,0.20601,0.112299,0.486173,0.372989,0.280647,0.303606,0.299622,0.284851,0.254321,0.22499,0.150802,0.174716,0.125076,0.137974,0.0679418,0,
7032,2000-12,0.141543,0.129234,0.115547,0.13165,0.045538,0.200662,0.193047,0.0854015,0.050628,0.345623,0.245892,0.122344,0.128967,0.138223,0.144856,0.141877,0.134677,0.0865486,0.11175,0.0874946,0.0986633,0.0408878,0,
7063,2001-01,0.268425,0.254822,0.21254,0.259541,0.0771609,0.33149,0.353316,0.18092,0.110454,0.524689,0.378372,0.249586,0.251672,0.273527,0.28139,0.260208,0.229208,0.149359,0.182489,0.138432,0.156806,0.069886,0,
7091,2001-02,0.202528,0.154358,0.17311,0.158355,0.0865677,0.301202,0.182387,0.109622,0.124665,0.425675,0.38057,0.155413,0.143964,0.184274,0.205556,0.207226,0.200087,0.15433,0.165097,0.105977,0.113102,0.0659958,0,
7122,2001-03,0.860743,0.995269,0.663411,1.00519,0.267335,0.961831,1.28601,0.703596,0.670218,0.886357,0.882857,1.01961,1.00681,0.958872,0.901651,0.826609,0.7042,0.521981,0.491495,0.307578,0.316832,0.207416,0,
7152,2001-04,1.45645,1.95958,1.06152,1.97081,0.45495,1.47446,2.35531,1.3708,1.3714,1.08464,1.27028,2.04154,2.01859,1.75601,1.52171,1.37531,1.14996,0.874774,0.76945,0.496006,0.461811,0.33393,0,
7183,2001-05,2.70621,3.2262,2.0803,3.25424,1.02232,3.00364,3.69235,2.18843,2.5321,2.01311,2.5575,3.31869,3.30376,2.96798,2.77271,2.63895,2.36229,1.91781,1.66312,1.12858,1.01087,0.803679,0,
7213,2001-06,2.94025,3.41055,2.24733,3.44548,1.25719,3.27649,4.04258,2.24759,2.90333,2.15932,2.84545,3.43573,3.5064,3.17512,2.9624,2.92729,2.65043,2.21525,1.91098,1.30527,1.12938,0.955816,0,
7244,2001-07,3.69785,4.24097,2.79634,4.28895,1.57865,4.01407,4.94099,2.83293,3.62124,2.80572,3.58584,4.2694,4.35588,3.96577,3.73694,3.64189,3.28075,2.75798,2.41875,1.65913,1.47087,1.27746,0,
7275,2001-08,3.41465,4.02842,2.59405,4.06769,1.43671,3.6888,4.63676,2.78812,3.15851,2.9937,3.47238,4.13475,4.12997,3.70145,3.46379,3.36456,3.00584,2.48788,2.26581,1.53085,1.44276,1.20339,0,
7305,2001-09,2.10837,2.54544,1.6068,2.56716,0.919288,2.38997,3.06734,1.75933,1.77424,2.46563,2.47966,2.60383,2.61315,2.34133,2.13945,2.06778,1.86094,1.52543,1.47681,0.976286,1.01115,0.762423,0,
7336,2001-10,0.902149,1.12779,0.688089,1.13562,0.300914,1.02322,1.40963,0.793547,0.594409,1.17618,1.02151,1.16466,1.15624,1.03011,0.941826,0.857354,0.7444,0.555001,0.569221,0.380322,0.427556,0.263826,0,
7366,2001-11,0.46921,0.592658,0.347445,0.59729,0.14211,0.5368,0.74452,0.442812,0.234547,0.803922,0.584091,0.621165,0.605206,0.540078,0.491768,0.43667,0.376321,0.257731,0.307291,0.234057,0.273851,0.136265,0,
7397,2001-12,0.170491,0.200548,0.131149,0.202408,0.0553639,0.239075,0.31346,0.16648,0.0590486,0.415126,0.287107,0.230622,0.198295,0.177885,0.172742,0.172867,0.159888,0.102111,0.132517,0.103782,0.115572,0.0503337,0,
7428,2002-01,0.198647,0.246465,0.154519,0.24803,0.0569033,0.244893,0.349536,0.195045,0.0794578,0.388415,0.282819,0.268697,0.247351,0.225508,0.20874,0.187524,0.166198,0.108998,0.133441,0.10049,0.113158,0.0502082,0,
7456,2002-02,0.422827,0.473386,0.320388,0.47925,0.112464,0.477961,0.71727,0.349903,0.250845,0.560501,0.473723,0.497153,0.470612,0.468576,0.446228,0.402842,0.334635,0.227711,0.236949,0.158301,0.175426,0.0949378,0,
7487,2002-03,0.37639,0.362111,0.309063,0.367718,0.159183,0.502824,0.471514,0.259293,0.300954,0.518396,0.54197,0.368942,0.35817,0.369475,0.379624,0.390123,0.364233,0.292773,0.276311,0.172022,0.172131,0.121468,0,
7517,2002-04,1.26134,1.61109,0.94531,1.62203,0.394405,1.33109,2.02756,1.19299,1.1611,0.988346,1.15916,1.75762,1.62732,1.44884,1.31597,1.20808,1.02457,0.781805,0.685653,0.438723,0.40868,0.294669,0,
7548,2002-05,2.11965,2.67255,1.57153,2.69351,0.646386,2.22754,3.01824,1.81478,2.03796,1.35362,1.74263,2.75501,2.74437,2.44262,2.19592,2.05953,1.74144,1.32214,1.11509,0.740733,0.652276,0.488204,0,
7578,2002-06,2.96307,3.41404,2.25707,3.45067,1.27406,3.23607,3.77793,2.32535,2.94141,2.27282,2.99731,3.5276,3.48621,3.14944,2.97685,2.96523,2.71429,2.26469,1.95529,1.33572,1.15958,0.951918,0,
7609,2002-07,3.73654,4.1654,2.85818,4.21585,1.72999,4.14403,4.72021,2.81072,3.54547,3.19888,4.0654,4.28684,4.25484,3.84258,3.72009,3.77158,3.51968,3.02535,2.66929,1.84075,1.63751,1.34415,0,
7640,2002-08,2.54605,2.90738,1.95338,2.93877,1.20008,2.99264,3.3687,2.00118,2.42776,2.5704,2.99644,3.08281,2.95882,2.61813,2.52207,2.58973,2.416,2.04225,1.86459,1.25523,1.17643,0.947004,0,
7670,2002-09,1.72962,2.12509,1.29937,2.14296,0.727663,2.05517,2.42255,1.50122,1.4998,1.95482,1.984,2.27016,2.17244,1.87485,1.73983,1.72485,1.55367,1.24804,1.1948,0.784462,0.806775,0.5936,0,
7701,2002-10,0.725152,0.867671,0.565487,0.874459,0.267961,0.896588,1.07267,0.631649,0.479738,1.06016,0.923487,0.903932,0.886115,0.78953,0.745761,0.711697,0.635941,0.484297,0.499759,0.332512,0.371858,0.229388,0,
7731,2002-11,0.388997,0.48142,0.295496,0.485065,0.104062,0.474454,0.625744,0.364226,0.174593,0.637443,0.469107,0.509296,0.488027,0.443121,0.406915,0.371071,0.323242,0.213271,0.249786,0.188274,0.221194,0.0976094,0,
7762,2002-12,0.228405,0.282802,0.176592,0.284704,0.0627667,0.282936,0.395948,0.210331,0.0740641,0.474886,0.322671,0.291037,0.288771,0.26268,0.239744,0.214641,0.190866,0.120973,0.15649,0.125437,0.14521,0.0598165,0,
7793,2003-01,0.254431,0.232387,0.204318,0.236982,0.0782216,0.342616,0.337172,0.169395,0.101497,0.529659,0.380737,0.233899,0.228435,0.243267,0.263773,0.253463,0.231422,0.153465,0.188053,0.14362,0.164712,0.0725597,0,
7821,2003-02,0.325338,0.304607,0.262345,0.310125,0.105281,0.442244,0.439365,0.219844,0.190007,0.532184,0.445136,0.306756,0.301121,0.314988,0.330018,0.337923,0.307899,0.215728,0.226432,0.152391,0.169144,0.0895193,0,
7852,2003-03,0.74592,0.84486,0.580546,0.853687,0.237589,0.846159,1.08075,0.594532,0.598631,0.7591,0.767517,0.870571,0.851958,0.813873,0.77829,0.727346,0.629107,0.463721,0.432704,0.269668,0.276037,0.183929,0,
7882,2003-04,1.65844,2.06546,1.21908,2.08359,0.499884,1.78326,2.43102,1.46344,1.55366,1.23245,1.42595,2.17175,2.10767,1.88248,1.71695,1.59915,1.36454,1.01768,0.893,0.579694,0.549036,0.390257,0,
7913,2003-05,2.31186,2.76886,1.76896,2.79296,0.914012,2.6331,2.98655,1.84984,2.11127,1.72867,2.20248,2.84744,2.84711,2.50918,2.34537,2.2996,2.06418,1.67865,1.45068,0.976341,0.863341,0.688972,0,
7943,2003-06,2.97066,3.3367,2.28111,3.37523,1.27096,3.46407,3.78076,2.22355,2.87125,2.189,2.87553,3.38918,3.41873,3.10265,2.96922,2.99397,2.75566,2.30389,1.98245,1.35859,1.1836,0.949963,0,
7974,2003-07,3.97212,4.59345,3.00274,4.64366,1.79839,4.33075,5.19668,3.04757,3.79405,3.21263,4.08051,4.70508,4.71237,4.21875,3.9919,3.91553,3.62126,3.09131,2.71536,1.86956,1.66336,1.42223,0,
8005,2003-08,3.49909,4.12753,2.66176,4.16752,1.54949,3.79359,4.79499,2.83707,3.16773,3.18277,3.69646,4.28866,4.22355,3.75757,3.52808,3.45278,3.15795,2.65857,2.41768,1.64029,1.54085,1.26106,0,
8035,2003-09,1.9146,2.28487,1.46496,2.30513,0.832901,2.13527,2.70555,1.58057,1.5694,2.18957,2.2294,2.38816,2.33252,2.08286,1.94416,1.87442,1.69261,1.38684,1.33606,0.881426,0.90224,0.703481,0,
8066,2003-10,1.06064,1.30165,0.803385,1.31216,0.392609,1.18518,1.5682,0.918987,0.696313,1.49106,1.27798,1.33689,1.33973,1.1786,1.09745,1.01729,0.884113,0.679759,0.710495,0.477985,0.537645,0.356229,0,
8096,2003-11,0.213614,0.211008,0.171537,0.214279,0.0661151,0.270581,0.298134,0.162989,0.101237,0.416777,0.321408,0.220807,0.206193,0.217357,0.22332,0.211849,0.185207,0.122667,0.144254,0.104693,0.117663,0.0571997,0,
8127,2003-12,0.221494,0.22854,0.178383,0.231533,0.0637091,0.264942,0.33708,0.172882,0.0775179,0.463003,0.31796,0.241733,0.224299,0.230864,0.23478,0.206376,0.18526,0.117569,0.153527,0.121637,0.138365,0.0595601,0,
8158,2004-01,0.20098,0.169801,0.159001,0.174119,0.0614302,0.254932,0.221964,0.107871,0.0838312,0.388432,0.285008,0.152811,0.167457,0.196834,0.210866,0.194674,0.171799,0.113949,0.138392,0.104064,0.118814,0.0549378,0,
8187,2004-02,0.439281,0.38185,0.371739,0.389066,0.142965,0.591964,0.505946,0.240956,0.246385,0.677223,0.573173,0.352712,0.376775,0.431019,0.454546,0.441683,0.404732,0.289984,0.301164,0.19971,0.221497,0.121531,0,
8218,2004-03,0.981455,0.996468,0.791402,1.01025,0.317479,1.11794,1.41683,0.703929,0.728823,1.01119,1.01057,1.04882,0.977623,1.01375,1.02938,0.955625,0.823491,0.615361,0.580384,0.369127,0.383662,0.252526,0,
8248,2004-04,1.85074,2.23945,1.43737,2.2563,0.603606,2.09841,2.62573,1.55636,1.57508,1.54451,1.78128,2.33342,2.28577,2.04803,1.91174,1.81194,1.59456,1.23482,1.09331,0.722595,0.691864,0.486057,0,
8279,2004-05,2.13727,2.51885,1.67304,2.53979,0.866402,2.42797,2.9755,1.70846,1.92712,1.68021,2.12467,2.59235,2.57496,2.326,2.16738,2.13529,1.91759,1.57779,1.37361,0.923174,0.820377,0.665579,0,
8309,2004-06,2.75333,3.16455,2.1421,3.19549,1.19735,3.18384,3.58373,2.11482,2.65908,2.14278,2.82122,3.23024,3.24213,2.92671,2.77043,2.74483,2.53093,2.14114,1.8473,1.26611,1.1042,0.899361,0,
8340,2004-07,3.50146,3.99329,2.59727,4.04337,1.577,3.87798,4.67484,2.73715,3.58585,2.82109,3.58823,4.12279,4.07295,3.71437,3.49553,3.48359,3.19759,2.69074,2.36213,1.62083,1.44043,1.18352,0,
8371,2004-08,2.83352,3.19928,2.14845,3.23747,1.2509,3.14776,3.86185,2.19607,2.62723,2.55214,2.98508,3.30148,3.25728,2.98621,2.85365,2.8082,2.54976,2.1326,1.93658,1.30563,1.22287,0.984538,0,
8401,2004-09,1.77158,2.20241,1.28766,2.22302,0.601505,1.88742,2.41184,1.6108,1.52907,1.69423,1.70845,2.36797,2.24452,1.95512,1.81528,1.71509,1.48941,1.1421,1.07632,0.705067,0.731958,0.509918,0,
8432,2004-10,0.892711,1.09915,0.667648,1.10852,0.3233,1.02513,1.35717,0.803566,0.635133,1.26307,1.092,1.15446,1.12126,1.00235,0.912959,0.863033,0.769121,0.582354,0.603223,0.401947,0.452506,0.28655,0,
8462,2004-11,0.407664,0.511545,0.307981,0.515233,0.11427,0.46749,0.674333,0.382179,0.190412,0.670753,0.495107,0.542822,0.519209,0.468093,0.429874,0.379476,0.326113,0.217046,0.253945,0.18963,0.218716,0.105278,0,
8493,2004-12,0.232887,0.292189,0.174341,0.294418,0.0637346,0.274489,0.418148,0.228673,0.0800235,0.462238,0.31732,0.311356,0.295369,0.269859,0.246774,0.211657,0.187558,0.118456,0.153354,0.121845,0.140128,0.0583177,0,
8524,2005-01,0.192566,0.187666,0.156002,0.190605,0.0599917,0.247002,0.247576,0.130118,0.0866239,0.372103,0.275261,0.194443,0.184607,0.191415,0.200667,0.189054,0.167305,0.113253,0.136052,0.1023,0.117942,0.0567565,0,
8552,2005-02,0.466892,0.532941,0.366975,0.538043,0.145626,0.55541,0.715043,0.398276,0.267016,0.695254,0.591578,0.576187,0.528291,0.512269,0.493265,0.439922,0.382869,0.273359,0.288428,0.19043,0.208439,0.117074,0,
8583,2005-03,0.837355,0.996545,0.661722,1.00392,0.271727,0.973742,1.24528,0.720573,0.61047,0.903138,0.894082,1.0523,1.0032,0.939357,0.875821,0.810808,0.700243,0.523593,0.497287,0.315025,0.330459,0.209435,0,
8613,2005-04,1.64822,2.13258,1.25567,2.14433,0.560475,1.79258,2.49387,1.47751,1.44259,1.3478,1.55535,2.21377,2.19463,1.91651,1.70922,1.58102,1.36975,1.0689,0.949882,0.623299,0.591294,0.431359,0,
8644,2005-05,2.38948,2.81718,1.85483,2.84174,0.993912,2.68894,3.27398,1.88891,2.16789,1.90268,2.4105,2.88413,2.89069,2.58603,2.42973,2.34558,2.13978,1.7682,1.5413,1.03853,0.920794,0.753977,0,
8674,2005-06,2.70386,3.25974,2.03073,3.29002,1.06303,3.0308,3.6163,2.2726,2.7602,1.88761,2.49047,3.44064,3.33874,2.8983,2.71403,2.7344,2.45577,1.99441,1.70133,1.16328,1.01482,0.806778,0,
8705,2005-07,3.51156,4.2395,2.60911,4.28073,1.52787,3.83818,4.96501,2.97439,3.60084,2.79908,3.56766,4.41363,4.34633,3.83993,3.50971,3.50559,3.18426,2.67496,2.35138,1.61728,1.43313,1.21352,0,
8736,2005-08,2.91451,3.66296,2.15303,3.69279,1.2837,3.27064,4.21143,2.61869,2.85882,2.70467,3.16293,3.8964,3.76817,3.18375,2.91401,2.89218,2.64386,2.2239,2.02003,1.3634,1.27654,1.02386,0,
8766,2005-09,1.76892,2.30194,1.26882,2.32001,0.665681,1.86726,2.60287,1.66662,1.58058,1.78484,1.82951,2.44042,2.36917,2.01483,1.80724,1.7096,1.4862,1.17125,1.10799,0.723603,0.739526,0.542436,0,
8797,2005-10,0.938466,1.19641,0.695485,1.20523,0.308719,1.05032,1.43666,0.855851,0.649262,1.21397,1.02618,1.23964,1.22974,1.08283,0.972096,0.894044,0.773442,0.566565,0.587683,0.397488,0.452463,0.277702,0,
8827,2005-11,0.392988,0.508657,0.291029,0.512082,0.0973949,0.437248,0.638907,0.391814,0.187118,0.583642,0.428687,0.545262,0.515069,0.464525,0.418953,0.361328,0.299147,0.191971,0.223766,0.166988,0.193072,0.0907159,0,
8858,2005-12,0.153237,0.178282,0.120224,0.179849,0.0414986,0.197344,0.211933,0.12297,0.0457712,0.337995,0.240495,0.178959,0.180228,0.176138,0.160182,0.146564,0.13203,0.082607,0.105076,0.0818803,0.0935394,0.0378832,0,
8889,2006-01,0.306991,0.357609,0.233898,0.361256,0.0785621,0.34087,0.483379,0.268899,0.127379,0.508569,0.358862,0.373551,0.358061,0.348496,0.32791,0.282055,0.236568,0.150896,0.185001,0.143179,0.166414,0.0745703,0,
8917,2006-02,0.359719,0.388204,0.282757,0.39296,0.0946177,0.425894,0.558518,0.293878,0.206682,0.46512,0.396611,0.418266,0.379788,0.389557,0.382802,0.342886,0.289583,0.194073,0.19817,0.129617,0.139767,0.0751215,0,
8948,2006-03,0.683985,0.74254,0.528997,0.752073,0.256364,0.854545,0.982389,0.57945,0.584293,0.821707,0.831227,0.850899,0.721381,0.703929,0.69863,0.678738,0.621334,0.476849,0.450323,0.280905,0.285394,0.195879,0,
8978,2006-04,1.68214,2.22446,1.22685,2.2388,0.505145,1.76109,2.59717,1.55858,1.57152,1.21431,1.40424,2.31253,2.29261,1.99158,1.75013,1.61024,1.35076,1.00654,0.884817,0.572726,0.54247,0.376715,0,
9009,2006-05,2.61364,3.10349,2.00238,3.13153,0.972223,2.92801,3.58268,2.1065,2.41044,1.91005,2.41989,3.1752,3.17879,2.87631,2.64998,2.58596,2.33495,1.89747,1.63584,1.11273,1.00318,0.775822,0,
9039,2006-06,3.10292,3.60402,2.35798,3.64174,1.42084,3.48983,4.2479,2.4164,3.13743,2.37554,3.11247,3.73128,3.68859,3.29405,3.09401,3.10596,2.89024,2.45633,2.13238,1.46338,1.27676,1.06231,0,
9070,2006-07,3.98753,4.71411,2.96672,4.76432,1.76423,4.43236,5.43488,3.24809,4.03649,3.1188,3.9624,4.90003,4.83493,4.26216,3.97949,3.9797,3.66911,3.07982,2.69908,1.8544,1.65332,1.37544,0,
9101,2006-08,3.24632,3.92918,2.37353,3.96984,1.34201,3.53113,4.42393,2.72469,3.05782,2.82386,3.28341,4.07256,4.0315,3.57409,3.27446,3.17589,2.85178,2.36018,2.13461,1.43968,1.35781,1.0727,0,
9131,2006-09,1.97582,2.24749,1.54957,2.26963,0.840892,2.35006,2.63218,1.55603,1.54287,2.2503,2.29498,2.28908,2.293,2.10967,2.00155,1.96235,1.80525,1.47712,1.41306,0.92832,0.954755,0.708506,0,
9162,2006-10,0.868434,1.02709,0.676414,1.03573,0.331536,1.02079,1.3025,0.74466,0.598382,1.21957,1.05631,1.05824,1.04778,0.952739,0.893844,0.848335,0.750829,0.576472,0.599069,0.400686,0.450278,0.292971,0,
9192,2006-11,0.327173,0.434355,0.240918,0.436908,0.0942645,0.367057,0.623081,0.337285,0.171786,0.53149,0.397222,0.470187,0.441833,0.385663,0.343793,0.304153,0.261084,0.172537,0.2019,0.149999,0.172367,0.0864378,0,
9223,2006-12,0.220571,0.221929,0.175304,0.225294,0.0607441,0.269768,0.315325,0.162757,0.0758204,0.459657,0.315259,0.225951,0.218598,0.231725,0.232106,0.210097,0.186063,0.115552,0.149151,0.118212,0.135142,0.0564955,0,
9254,2007-01,0.227704,0.241468,0.18154,0.244443,0.0598688,0.274169,0.350842,0.188708,0.090844,0.405259,0.302767,0.261357,0.234861,0.244986,0.24324,0.211731,0.183882,0.118333,0.140948,0.104562,0.11671,0.051766,0,
9282,2007-02,0.30294,0.279355,0.250432,0.284187,0.122626,0.411397,0.374147,0.214541,0.196394,0.561584,0.485189,0.297993,0.269964,0.289488,0.307467,0.311462,0.28425,0.213468,0.227541,0.149486,0.160195,0.0985443,0,
9313,2007-03,0.981053,1.18955,0.773057,1.19755,0.280987,1.06468,1.52438,0.919133,0.810128,0.911515,0.905696,1.31197,1.1859,1.09446,1.0376,0.949384,0.789393,0.560066,0.520812,0.326765,0.338037,0.22429,0,
9343,2007-04,1.42663,1.8036,1.11768,1.81301,0.499604,1.63122,2.1175,1.3347,1.29076,1.20352,1.40137,1.95711,1.83426,1.58385,1.46782,1.41333,1.23919,0.965388,0.85761,0.555494,0.522186,0.37733,0,
9374,2007-05,2.51717,2.97616,1.97341,3.00025,0.940172,2.92708,3.58391,2.06017,2.27594,1.83288,2.32469,3.05053,3.05041,2.73242,2.55853,2.52244,2.27642,1.84233,1.58512,1.07157,0.965628,0.726066,0,
9404,2007-06,3.23058,3.63823,2.5219,3.67666,1.4284,3.76633,4.31973,2.40187,3.10454,2.52483,3.31313,3.64997,3.74256,3.3781,3.23338,3.26177,3.04159,2.57225,2.22337,1.5216,1.32796,1.10797,0,
9435,2007-07,4.2264,4.70411,3.2384,4.76103,1.9884,4.94369,5.21753,3.09507,3.79021,3.56091,4.51642,4.74151,4.81476,4.43118,4.20158,4.24439,4.01246,3.44497,3.03401,2.09601,1.87167,1.59025,0,
9466,2007-08,3.22463,3.78718,2.48444,3.82227,1.41507,3.56039,4.45492,2.5881,2.92484,2.92337,3.41226,3.88955,3.87957,3.4837,3.26341,3.16564,2.91501,2.44362,2.20845,1.49485,1.40188,1.12966,0,
9496,2007-09,1.90425,2.30493,1.46322,2.32342,0.790081,2.15279,2.65811,1.60837,1.52126,2.04801,2.09261,2.40431,2.35476,2.10226,1.94495,1.85061,1.67282,1.35671,1.29402,0.852383,0.875067,0.654202,0,
9527,2007-10,0.9086,1.15239,0.682392,1.16046,0.27895,1.00942,1.40262,0.811345,0.621753,1.12692,0.959493,1.19098,1.18327,1.04758,0.948543,0.868962,0.735729,0.534178,0.550577,0.37169,0.423393,0.248929,0,
9557,2007-11,0.391596,0.515368,0.299652,0.517738,0.106109,0.450782,0.673438,0.385175,0.19028,0.60296,0.451193,0.546236,0.527343,0.458727,0.41509,0.365806,0.310966,0.204454,0.235991,0.174389,0.201032,0.0953262,0,
9588,2007-12,0.155134,0.181169,0.119729,0.18288,0.0419229,0.193211,0.278525,0.135998,0.0514539,0.324563,0.230687,0.194671,0.18109,0.16987,0.164487,0.147913,0.129776,0.0803249,0.1024,0.0790426,0.0877947,0.037127,0,
9619,2008-01,0.175968,0.194703,0.141224,0.196634,0.0487016,0.230647,0.300469,0.144366,0.0736824,0.345509,0.257264,0.203864,0.194871,0.187432,0.183532,0.172314,0.155261,0.0977145,0.116903,0.0856449,0.0935488,0.0413366,0,
9648,2008-02,0.381602,0.325326,0.315734,0.332373,0.130809,0.528458,0.452294,0.21292,0.243861,0.633739,0.539207,0.307083,0.319417,0.363744,0.38817,0.398064,0.365692,0.260827,0.270192,0.178491,0.19652,0.110202,0,
9679,2008-03,0.791211,1.02995,0.625815,1.03362,0.220378,0.858465,1.3333,0.747879,0.624694,0.738786,0.74293,1.09332,1.04739,0.934275,0.840581,0.758979,0.627296,0.448687,0.414624,0.256915,0.262096,0.166911,0,
9709,2008-04,1.30766,1.80084,1.01798,1.8045,0.400154,1.40993,2.09217,1.29123,1.19914,0.976215,1.15827,1.94295,1.84804,1.54974,1.37033,1.27107,1.06609,0.796297,0.690543,0.436753,0.400364,0.287753,0,
9740,2008-05,2.27251,2.80046,1.76345,2.81939,0.742771,2.54426,3.20584,1.86289,2.08545,1.50991,1.93087,2.84308,2.88484,2.56483,2.34888,2.23479,1.94521,1.51397,1.28455,0.859487,0.764237,0.550141,0,
9770,2008-06,2.93776,3.33434,2.29491,3.36821,1.25015,3.41806,3.89902,2.22798,2.75022,2.12404,2.80166,3.38616,3.41577,3.09482,2.95288,2.97716,2.74045,2.27058,1.94302,1.32308,1.14686,0.912955,0,
9801,2008-07,3.65552,4.25338,2.83619,4.29314,1.64287,4.22351,4.78704,2.89125,3.42935,2.91413,3.71442,4.35998,4.35869,3.90892,3.66259,3.68099,3.41495,2.87418,2.51619,1.72884,1.53915,1.28341,0,
9832,2008-08,3.15144,3.81266,2.35983,3.848,1.29689,3.3974,4.3565,2.63126,2.97479,2.6654,3.10924,3.93524,3.91114,3.47948,3.20366,3.0776,2.76978,2.27338,2.05502,1.38992,1.3108,1.04425,0,
9862,2008-09,1.78644,2.12909,1.37755,2.14729,0.736184,2.09684,2.35292,1.52076,1.43418,2.04509,2.05049,2.23939,2.17338,1.91979,1.80926,1.78105,1.6084,1.28724,1.23795,0.814044,0.844715,0.614924,0,
9893,2008-10,0.961539,1.17609,0.73386,1.18535,0.339253,1.11566,1.43522,0.816145,0.641852,1.35226,1.15745,1.19088,1.21004,1.08599,0.995286,0.927161,0.807857,0.608849,0.635165,0.431726,0.488861,0.299009,0,
9923,2008-11,0.452551,0.53206,0.350753,0.536807,0.1312,0.534781,0.707262,0.371952,0.20569,0.762225,0.556205,0.533959,0.542846,0.50929,0.477781,0.426071,0.368205,0.248849,0.293142,0.221508,0.258043,0.1243,0,
9954,2008-12,0.135485,0.147975,0.106304,0.149716,0.0365904,0.16117,0.225234,0.102645,0.0460365,0.269557,0.190176,0.15011,0.148845,0.145383,0.14483,0.126621,0.109715,0.0684259,0.0872816,0.0683081,0.077715,0.0324967,0,
9985,2009-01,0.209221,0.188869,0.163955,0.193035,0.0633772,0.273918,0.271189,0.128261,0.0856796,0.431769,0.313599,0.178866,0.186199,0.210612,0.217355,0.202951,0.183538,0.121554,0.148562,0.112441,0.127749,0.0570804,0,
10013,2009-02,0.341116,0.289565,0.274494,0.296495,0.123322,0.453165,0.395082,0.195889,0.231822,0.589155,0.498944,0.284656,0.28155,0.321374,0.345089,0.352856,0.317824,0.229217,0.244199,0.162474,0.176795,0.100974,0,
10044,2009-03,0.634295,0.635036,0.510374,0.644359,0.199362,0.74668,0.811434,0.457542,0.486744,0.671629,0.68319,0.66071,0.619583,0.667272,0.664561,0.614812,0.538111,0.398198,0.369409,0.22837,0.234061,0.151367,0,
10074,2009-04,1.43539,1.81369,1.09632,1.82532,0.459258,1.44359,2.23444,1.25102,1.27375,1.09766,1.27391,1.88989,1.8477,1.67982,1.5174,1.3498,1.12638,0.859665,0.761579,0.488856,0.457061,0.337892,0,
10105,2009-05,2.40397,2.88195,1.86571,2.90493,0.783913,2.6811,3.35658,1.92028,2.26353,1.60528,2.05701,2.93758,2.95463,2.66683,2.48526,2.36105,2.0679,1.60303,1.36057,0.916348,0.819006,0.602067,0,
10135,2009-06,3.02951,3.52934,2.34846,3.56228,1.3308,3.34645,4.03591,2.35555,2.93448,2.27519,2.99727,3.60103,3.61336,3.28082,3.0481,3.02827,2.7613,2.3192,2.00929,1.37637,1.19813,1.02759,0,
10166,2009-07,3.4693,4.03181,2.64614,4.07317,1.61942,3.8606,4.60739,2.77563,3.421,2.83236,3.60958,4.17672,4.12003,3.70425,3.45724,3.47594,3.23463,2.74494,2.4105,1.64679,1.45128,1.20916,0,
10197,2009-08,2.8696,3.31611,2.20417,3.34984,1.34027,3.31446,3.67915,2.31187,2.53731,2.81541,3.26548,3.42008,3.388,3.06096,2.86238,2.88117,2.67261,2.26998,2.07472,1.40892,1.32663,1.09472,0,
10227,2009-09,2.39553,2.84837,1.81929,2.87514,1.01213,2.61875,3.35297,1.94509,1.9682,2.71939,2.73317,2.88745,2.92263,2.65322,2.44051,2.33314,2.09184,1.71587,1.66051,1.0967,1.1317,0.861463,0,
10258,2009-10,0.627687,0.809888,0.481495,0.814196,0.192775,0.707365,0.998403,0.597154,0.417115,0.783505,0.68602,0.85658,0.826603,0.729463,0.658073,0.600964,0.513142,0.367955,0.373181,0.245417,0.274637,0.16043,0,
10288,2009-11,0.41085,0.558499,0.306447,0.560928,0.109125,0.439729,0.753248,0.41244,0.20941,0.629559,0.464074,0.600371,0.572525,0.485315,0.43666,0.382212,0.315955,0.204614,0.240037,0.178887,0.207406,0.0998906,0,
10319,2009-12,0.100049,0.0905443,0.083036,0.0921787,0.0351504,0.158582,0.14879,0.0639445,0.0335096,0.27867,0.199928,0.0915986,0.0899278,0.0909583,0.0993429,0.104343,0.104713,0.0694445,0.0896105,0.0689581,0.0772701,0.0298825,0,
10350,2010-01,0.199704,0.172889,0.167707,0.176293,0.0782311,0.282832,0.228272,0.121163,0.0810548,0.497764,0.360786,0.169671,0.169589,0.18642,0.201833,0.204208,0.193753,0.136009,0.170962,0.129565,0.146117,0.070361,0,
10378,2010-02,0.352848,0.245936,0.319814,0.252374,0.131583,0.531403,0.326533,0.140202,0.191826,0.636424,0.530759,0.212952,0.236666,0.304299,0.356463,0.379732,0.360676,0.260205,0.273618,0.18258,0.201501,0.111425,0,
10409,2010-03,0.957222,1.02239,0.773274,1.03387,0.293084,1.07588,1.26612,0.717398,0.727676,0.967343,0.950318,1.06712,1.01786,1.00351,1.00985,0.931817,0.795484,0.577736,0.547892,0.347414,0.364067,0.233726,0,
10439,2010-04,1.52484,2.02243,1.17719,2.0303,0.505789,1.68629,2.26645,1.43488,1.39013,1.2464,1.45201,2.13322,2.0818,1.77436,1.57554,1.494,1.29257,1.00298,0.88673,0.579221,0.548064,0.387494,0,
10470,2010-05,1.99377,2.43804,1.5745,2.45328,0.802719,2.28579,2.78974,1.688,1.8497,1.58062,2.02592,2.5401,2.50111,2.18805,2.0239,1.99382,1.81257,1.48675,1.28359,0.861303,0.760348,0.59892,0,
10500,2010-06,2.79493,3.32332,2.15971,3.35175,1.12467,3.13729,3.75783,2.15214,2.78476,2.04451,2.69544,3.37535,3.42563,3.03135,2.81693,2.7947,2.55904,2.12692,1.81641,1.24194,1.08183,0.836992,0,
10531,2010-07,3.32799,3.86154,2.59389,3.89724,1.49938,3.70124,4.33802,2.61624,3.16961,2.73425,3.4883,3.98228,3.95841,3.5127,3.34546,3.32848,3.09109,2.62449,2.29855,1.57554,1.39609,1.14256,0,
10562,2010-08,2.8188,3.41365,2.09872,3.44604,1.21679,3.06443,4.0297,2.35927,2.74338,2.47546,2.88901,3.57749,3.50301,3.04541,2.82936,2.82582,2.5484,2.09654,1.89599,1.27484,1.19337,0.943504,0,
10592,2010-09,1.6233,1.98305,1.21148,2.00085,0.626989,1.89425,2.43351,1.41205,1.36778,1.76215,1.78487,2.07941,2.03131,1.78235,1.63839,1.60958,1.44791,1.15422,1.0962,0.719065,0.745412,0.531692,0,
10623,2010-10,1.08783,1.30497,0.829124,1.31648,0.410375,1.25392,1.56154,0.94709,0.752488,1.56535,1.34384,1.35951,1.33211,1.1935,1.11673,1.05603,0.938868,0.724475,0.756628,0.506485,0.573549,0.371675,0,
10653,2010-11,0.343454,0.433254,0.260167,0.436225,0.10454,0.388571,0.569304,0.32439,0.176401,0.59382,0.444276,0.458304,0.440196,0.396707,0.361031,0.32058,0.275082,0.192075,0.225769,0.167162,0.192482,0.0987683,0,
10684,2010-12,0.160884,0.125168,0.133,0.12859,0.0570695,0.2425,0.176554,0.0847011,0.0590668,0.431375,0.299526,0.125261,0.119739,0.140401,0.16144,0.167272,0.163176,0.106139,0.138448,0.10877,0.123404,0.0511414,0,
10715,2011-01,0.181692,0.171977,0.144162,0.175168,0.0609877,0.270346,0.203182,0.124585,0.0807329,0.393252,0.2883,0.172333,0.170971,0.175745,0.182971,0.186888,0.180668,0.117852,0.141111,0.105171,0.118028,0.0557753,0,
10743,2011-02,0.192965,0.216198,0.155312,0.218182,0.065155,0.25329,0.274984,0.155557,0.117776,0.330265,0.294195,0.222682,0.218716,0.205446,0.197617,0.193819,0.173438,0.123744,0.12977,0.0852666,0.0924117,0.0504578,0,
10774,2011-03,0.593598,0.53884,0.484962,0.549058,0.241624,0.785598,0.658955,0.371636,0.510452,0.775584,0.77893,0.543669,0.531078,0.559497,0.599432,0.614546,0.569029,0.44764,0.427305,0.268034,0.273348,0.187042,0,
10804,2011-04,1.19397,1.45955,0.933317,1.46941,0.369263,1.29823,1.95195,1.07425,1.05505,0.935913,1.09572,1.60168,1.45669,1.35329,1.25148,1.14033,0.984819,0.748808,0.65412,0.417074,0.387241,0.277027,0,
10835,2011-05,2.03453,2.32904,1.58886,2.3518,0.609683,2.17204,2.60494,1.52146,1.80225,1.31385,1.68364,2.32463,2.37887,2.23353,2.12475,1.98893,1.69373,1.28899,1.08491,0.719328,0.635212,0.461437,0,
10865,2011-06,2.72577,3.17717,2.05528,3.2111,0.980975,2.92997,3.59618,2.13869,2.66984,1.79569,2.38053,3.20049,3.2681,2.95305,2.76519,2.71038,2.41287,1.94331,1.64337,1.11776,0.97144,0.734301,0,
10896,2011-07,3.54687,4.08066,2.67993,4.12638,1.54589,3.90904,4.75002,2.71907,3.52202,2.80064,3.57682,4.1491,4.18257,3.79607,3.55148,3.5388,3.24711,2.75629,2.41275,1.65917,1.47479,1.20686,0,
10927,2011-08,3.28226,3.73308,2.51023,3.7747,1.41241,3.7416,4.45474,2.51997,3.03021,2.98236,3.46103,3.80389,3.80936,3.50701,3.31957,3.25715,2.97025,2.46476,2.24636,1.51984,1.43181,1.19823,0,
10957,2011-09,2.12196,2.54739,1.61051,2.57029,0.892611,2.37318,3.01167,1.77025,1.76977,2.40116,2.42272,2.62607,2.61197,2.32889,2.15125,2.0851,1.87568,1.52883,1.47534,0.977474,1.0134,0.762304,0,
10988,2011-10,0.962268,1.28368,0.704534,1.29127,0.322017,1.03285,1.62967,0.920926,0.710134,1.21961,1.05267,1.33874,1.32558,1.13487,0.999184,0.913184,0.779877,0.577796,0.595808,0.397853,0.447415,0.281655,0,
11018,2011-11,0.318336,0.411927,0.241778,0.41425,0.088291,0.355313,0.579656,0.325972,0.156658,0.511459,0.384527,0.448593,0.415714,0.371617,0.339479,0.293913,0.247058,0.162452,0.189696,0.139152,0.157222,0.077768,0,
11049,2011-12,0.211671,0.249729,0.158398,0.252344,0.0557976,0.249131,0.339,0.205182,0.0726349,0.4175,0.28866,0.270091,0.249018,0.235634,0.224429,0.197662,0.17055,0.105234,0.135147,0.106447,0.120737,0.0506182,0,
11080,2012-01,0.237436,0.283039,0.182338,0.285514,0.0683394,0.266802,0.378616,0.233826,0.0952601,0.452467,0.332345,0.320249,0.278062,0.264631,0.253371,0.218458,0.185551,0.123358,0.151364,0.114181,0.128356,0.06068,0,
11109,2012-02,0.364771,0.411925,0.303515,0.414807,0.120393,0.468668,0.581361,0.315196,0.20334,0.597808,0.50784,0.452393,0.406706,0.390463,0.381553,0.354969,0.322054,0.232014,0.244697,0.161848,0.17516,0.0993691,0,
11140,2012-03,0.913211,1.27233,0.680323,1.27665,0.283774,0.95662,1.57707,1.00675,0.808769,0.897869,0.899882,1.44579,1.29049,1.06415,0.95752,0.867712,0.720233,0.532566,0.502413,0.31713,0.326979,0.226156,0,
11170,2012-04,1.73469,2.13397,1.31724,2.15073,0.517225,1.90495,2.53101,1.47835,1.5346,1.3189,1.52644,2.23145,2.17583,1.95462,1.80922,1.67528,1.43675,1.08683,0.956006,0.623716,0.593611,0.395165,0,
11201,2012-05,2.27419,2.69625,1.76048,2.71944,0.742098,2.59555,2.98147,1.76302,2.16855,1.54663,1.97584,2.738,2.76478,2.50367,2.33417,2.25235,2.00347,1.56997,1.33193,0.894212,0.80207,0.573113,0,
11231,2012-06,2.88728,3.47374,2.14889,3.50782,1.1376,3.14713,3.9001,2.30609,3.06973,2.03332,2.68066,3.59148,3.57035,3.13952,2.9162,2.86494,2.57485,2.10398,1.80088,1.23217,1.07326,0.873142,0,
11262,2012-07,3.74591,4.39429,2.80132,4.44164,1.69433,4.27751,5.34383,2.97505,3.83839,3.10819,3.95161,4.56959,4.50379,3.97865,3.71175,3.7737,3.50536,2.98415,2.62709,1.80958,1.60977,1.32207,0,
11293,2012-08,3.37618,3.89225,2.53936,3.93634,1.50235,3.8341,4.5745,2.66181,3.06528,3.09476,3.5873,4.00023,3.98337,3.58868,3.38307,3.35542,3.09225,2.62098,2.39067,1.61863,1.52514,1.2442,0,
11323,2012-09,2.20207,2.59074,1.67423,2.61623,0.89624,2.45202,3.01328,1.77919,1.77654,2.5069,2.51335,2.65343,2.65211,2.39861,2.24577,2.13887,1.93077,1.5765,1.5215,1.00563,1.04339,0.773764,0,
11354,2012-10,0.786989,1.00651,0.594518,1.01294,0.266181,0.879048,1.25606,0.720146,0.53209,1.02655,0.892795,1.05026,1.03088,0.912968,0.817793,0.751194,0.653437,0.48472,0.496408,0.329066,0.368144,0.230801,0,
11384,2012-11,0.356157,0.379543,0.268754,0.385275,0.109835,0.440072,0.552351,0.265351,0.191671,0.633347,0.46631,0.385321,0.3822,0.372097,0.367693,0.350004,0.307815,0.205934,0.242511,0.182234,0.210494,0.103231,0,
11415,2012-12,0.1662,0.185746,0.12662,0.188011,0.0508297,0.207699,0.306944,0.134831,0.0648689,0.366637,0.256441,0.192326,0.186775,0.179689,0.172988,0.157676,0.14205,0.0896006,0.116072,0.0903093,0.100998,0.0453789,0,
11446,2013-01,0.213416,0.209399,0.172136,0.212662,0.062018,0.284432,0.294247,0.153614,0.0937131,0.433924,0.321515,0.212439,0.207408,0.21403,0.221023,0.213715,0.192591,0.125221,0.149391,0.111158,0.124925,0.0555851,0,
11474,2013-02,0.416949,0.417987,0.347352,0.4232,0.114404,0.515893,0.515459,0.289603,0.239866,0.566013,0.473894,0.411617,0.413162,0.445679,0.4424,0.406438,0.353169,0.241755,0.250227,0.167952,0.186521,0.098196,0,
11505,2013-03,0.719311,0.649415,0.588607,0.661856,0.25035,0.888252,1.01014,0.46204,0.583365,0.841198,0.844431,0.676122,0.621793,0.712093,0.74642,0.717028,0.644773,0.480977,0.45208,0.277456,0.280347,0.189525,0,
11535,2013-04,1.34017,1.55367,1.04908,1.56776,0.41312,1.41515,2.00984,1.07688,1.1714,1.0325,1.20695,1.58562,1.56727,1.51823,1.4108,1.28283,1.09342,0.825719,0.722654,0.461469,0.430176,0.306705,0,
11566,2013-05,2.45456,2.93488,1.9155,2.95783,0.887094,2.7596,3.45111,1.89533,2.25585,1.761,2.24097,2.94496,3.02282,2.72678,2.51796,2.40987,2.15768,1.72121,1.47649,0.997006,0.892021,0.681207,0,
11596,2013-06,2.96456,3.35044,2.30978,3.3856,1.3212,3.34566,3.88577,2.23016,2.98053,2.32426,3.05405,3.40256,3.4254,3.1388,2.97483,2.96917,2.73678,2.34678,2.03346,1.39609,1.21421,1.00149,0,
11627,2013-07,3.57702,3.86265,2.78592,3.9118,1.78455,4.23931,4.58751,2.51181,3.43176,3.15558,4.01428,3.88853,3.9569,3.61736,3.5113,3.69238,3.49114,3.02921,2.6727,1.84183,1.63385,1.37875,0,
11658,2013-08,3.14814,3.6651,2.38189,3.70384,1.39608,3.50919,4.22318,2.47398,2.9332,2.89908,3.35374,3.78241,3.74355,3.3912,3.14759,3.1572,2.87903,2.39434,2.17273,1.4689,1.37496,1.13138,0,
11688,2013-09,2.05195,2.46295,1.54395,2.48611,0.789101,2.21989,2.83113,1.74661,1.70444,2.09046,2.12879,2.5607,2.51411,2.26506,2.09794,1.99357,1.78211,1.41031,1.33616,0.884031,0.90959,0.67279,0,
11719,2013-10,0.834332,1.03495,0.638755,1.04231,0.278219,0.983807,1.25367,0.743313,0.549937,1.13189,0.968467,1.07483,1.06013,0.940203,0.863118,0.809273,0.709934,0.520218,0.537659,0.3619,0.408974,0.247357,0,
11749,2013-11,0.324728,0.394848,0.250122,0.39789,0.100684,0.409363,0.524709,0.283918,0.154564,0.616611,0.456328,0.409625,0.402236,0.36585,0.335295,0.314466,0.282075,0.191588,0.226533,0.16814,0.192152,0.093379,0,
11780,2013-12,0.149233,0.155048,0.119369,0.157087,0.0428317,0.19067,0.230386,0.111019,0.0494469,0.323251,0.222883,0.155094,0.154896,0.157732,0.155887,0.145421,0.131502,0.0824017,0.105815,0.0838213,0.0959384,0.0405154,0,
11811,2014-01,0.249803,0.2583,0.196119,0.262037,0.074157,0.330842,0.393044,0.17061,0.0977945,0.515641,0.373216,0.249391,0.261417,0.262505,0.259017,0.243939,0.221923,0.147337,0.178412,0.13518,0.153763,0.0681918,0,
11839,2014-02,0.201594,0.232748,0.164605,0.23439,0.0681253,0.257518,0.339582,0.174852,0.128892,0.318816,0.289945,0.243754,0.23417,0.220951,0.208538,0.197939,0.182227,0.133409,0.136991,0.0879226,0.0962887,0.0506381,0,
11870,2014-03,0.617494,0.790178,0.482587,0.793985,0.228927,0.801001,1.01347,0.598146,0.529362,0.759765,0.764352,0.870459,0.808028,0.662551,0.614081,0.651424,0.593374,0.45194,0.425239,0.266945,0.275561,0.17941,0,
11900,2014-04,1.43412,1.89014,1.13618,1.89579,0.448168,1.58729,2.26469,1.35534,1.32806,1.11178,1.2927,2.01047,1.93111,1.68128,1.49137,1.42762,1.21157,0.901626,0.791715,0.509685,0.476436,0.342465,0,
11931,2014-05,2.44509,2.92198,1.88151,2.94691,0.844213,2.75871,3.39052,1.95033,2.40714,1.74033,2.22086,2.98901,2.99554,2.69214,2.49855,2.4454,2.15579,1.69916,1.45365,0.976282,0.869448,0.654624,0,
11961,2014-06,2.73249,3.21994,2.10112,3.24959,1.15347,3.11057,3.68967,2.14991,2.72072,2.00565,2.64475,3.35447,3.2837,2.95325,2.74764,2.76191,2.51076,2.07637,1.78005,1.21186,1.04932,0.850411,0,
11992,2014-07,3.66108,4.11566,2.76598,4.16643,1.66355,4.13099,4.82551,2.72777,3.56917,3.10197,3.94717,4.24109,4.19339,3.8413,3.64016,3.6773,3.4106,2.90402,2.5607,1.76459,1.56937,1.3175,0,
12023,2014-08,2.98824,3.38894,2.25985,3.42912,1.30124,3.4365,4.108,2.31715,2.6927,2.87295,3.3562,3.52098,3.44776,3.14313,2.99957,2.97744,2.73359,2.28256,2.07347,1.40245,1.31182,1.06679,0,
12053,2014-09,1.83098,2.16981,1.41085,2.18901,0.734567,2.0946,2.58316,1.506,1.49094,2.05465,2.07369,2.23566,2.21494,2.01314,1.87288,1.78672,1.60577,1.28947,1.23411,0.808583,0.833254,0.611443,0,
12084,2014-10,1.03879,1.22819,0.795297,1.23957,0.3607,1.19805,1.52277,0.856598,0.668185,1.41546,1.20286,1.26585,1.25074,1.1471,1.0766,1.0019,0.880894,0.65909,0.684243,0.464448,0.529824,0.328919,0,
12114,2014-11,0.300419,0.376998,0.226439,0.379754,0.091408,0.371618,0.531573,0.280483,0.148145,0.550352,0.411358,0.408217,0.382537,0.334394,0.310486,0.29481,0.258963,0.173621,0.202097,0.149783,0.171297,0.0866735,0,
12145,2014-12,0.188525,0.221796,0.14829,0.223604,0.0593277,0.257805,0.326688,0.162922,0.0652103,0.432823,0.292495,0.232792,0.225364,0.20263,0.192851,0.186459,0.17572,0.111544,0.145235,0.116605,0.135628,0.0572467,0,
12176,2015-01,0.234997,0.276131,0.187446,0.278201,0.0770019,0.308448,0.366274,0.20464,0.0954875,0.506137,0.369993,0.297912,0.274571,0.262908,0.241041,0.236686,0.213229,0.143311,0.173739,0.130007,0.145751,0.0703396,0,
12204,2015-02,0.399308,0.419087,0.347806,0.422243,0.134981,0.529454,0.58579,0.300051,0.223849,0.67719,0.563887,0.437477,0.415487,0.413085,0.412562,0.409838,0.369712,0.266673,0.283637,0.192743,0.216364,0.116479,0,
12235,2015-03,0.984374,1.29801,0.743573,1.30461,0.27978,1.03746,1.63865,0.92974,0.822217,0.909118,0.906377,1.36616,1.32939,1.16613,1.03203,0.947379,0.78855,0.564876,0.524874,0.330758,0.343718,0.225908,0,
12265,2015-04,1.65725,2.116,1.26831,2.12842,0.529398,1.76856,2.55237,1.43968,1.43737,1.26355,1.46814,2.18146,2.1704,1.93855,1.73741,1.58083,1.34607,1.02776,0.909199,0.589742,0.554776,0.393756,0,
12296,2015-05,2.31156,2.853,1.80211,2.87146,0.945193,2.57816,3.32554,1.86825,2.11713,1.80902,2.30252,2.91336,2.92959,2.63184,2.36068,2.26106,2.02961,1.68092,1.463,0.986525,0.874636,0.720514,0,
12326,2015-06,3.51602,3.94652,2.70218,3.99204,1.56841,3.97173,4.64125,2.52115,3.27747,2.77534,3.6285,3.94219,4.05109,3.72323,3.52695,3.49453,3.24209,2.78407,2.4142,1.6632,1.45133,1.18687,0,
12357,2015-07,3.52258,4.1097,2.62719,4.1556,1.57083,3.82826,4.63679,2.82864,3.34563,2.73814,3.50025,4.31437,4.18448,3.76401,3.54605,3.46785,3.16238,2.67844,2.34763,1.60601,1.41375,1.19605,0,
12388,2015-08,3.39683,3.79449,2.59672,3.84018,1.50294,3.89286,4.09105,2.54762,2.92544,3.11535,3.62379,3.86968,3.86544,3.58088,3.42059,3.36915,3.10549,2.61321,2.3707,1.60081,1.50121,1.18197,0,
